Country,Knot_date_1,Knot_date_2,N_knots,Growth_factor_1,Growth_factor_2,Growth_factor_3,Growth_factor_1_sd,Growth_factor_2_sd,Growth_factor_3_sd,Intercept_1,Intercept_2,Intercept_3,Pois_dev_inc,Pois_dev_cum,BIC,Prob_unequal,N_unequal
Albania,2020-03-11,2020-03-13,1,1.0492720659432635,1.0236018549905976,NA,0.6886003802492406,0.005437006759670442,NA,2.1884491135064543,2.778863965417771,NA,576.0295118826929,5915.7918927888195,832.3973694706455,0.07064594119140663,1
Albania,2020-03-11,2020-03-23,1,1.0024980646595112,1.023956487715063,NA,0.16550236506201127,0.005845044636259836,NA,4.212285279552032,2.3024856276079175,NA,578.9246478514417,6480.909302506711,832.3826083363496,0.06448581003855614,1
Albania,2020-03-11,2020-03-24,1,1.0164826126848376,1.0237828091483054,NA,0.13856162460572877,0.005961337686794452,NA,3.300278190456093,2.5410577582554374,NA,575.6170314519755,6296.337289399939,832.3961309146765,0.06637615917783668,1
Albania,2020-03-11,2020-03-25,1,1.025255870833752,1.0236038662123348,NA,0.11490417701645528,0.006100242040443602,NA,2.5838476464914932,2.7870442149258126,NA,571.4334054209087,6186.031564111914,832.39854095252565,0.06755974033225903,1
Albania,2020-03-11,2020-03-26,1,1.0159513173893833,1.023901274876097,NA,0.09271190034403154,0.006137308930215288,NA,3.5382465770139144,2.3775527839537247,NA,579.531614299469,6303.639282511133,832.3919940812907,0.06629927053695128,1
Albania,2020-03-11,NA,0,1.0236482800451678,NA,NA,0.005349017179221947,NA,NA,2.732130807983728,NA,NA,572.5348585230555,6205.607334464091,827.6892200832874,0.0673466211497977,1
Albania,2020-03-24,NA,1,1.0164826126848376,1.0237828091483054,NA,0.13856162460572877,0.005961337686794452,NA,3.300278190456093,2.5410577582554374,NA,579.2922988187916,7965.266473236223,832.3961309146765,0.052468638376734544,1
Albania,2020-03-25,NA,1,1.025255870833752,1.0236038662123348,NA,0.11490417701645528,0.006100242040443602,NA,2.5838476464914932,2.7870442149258126,NA,576.4062138345506,5978.784378695754,832.39854095252565,0.06990161539321611,1
Albania,2020-03-27,2020-03-28,2,1.0621357886558533,0.45316440194418417,1.0260447981823093,0.05511295505577151,0.7227318526582543,0.005969664481134804,0,105.96102128783045,-0.5947324124608127,545.5876671093093,5205.104252461304,831.9930347147941,0.08029170327586366,2
Albania,2020-04-05,2020-04-08,2,1.079511698714522,0.5459749239453029,1.0314030598757535,0.025966432391385665,0.18050666294260825,0.005457267205255776,0,177.66774599814988,-8.251230063212674,427.4602169983918,1059.0490088680247,826.5331142565377,0.39462450052737813,8
Andorra,2020-03-21,NA,1,1.4166842152687824,0.9580352496529242,NA,0.06460053515556445,0.005568412511780589,NA,1.7995414616346936,36.19821388282406,NA,2189.8555208967946,151185.47832557777,922.349288684732,0.0013710973034321732,2
Andorra,2020-03-22,NA,1,1.3680453944777287,0.9557230455130223,NA,0.05282043107490981,0.005482215648925307,NA,1.650492868678137,37.93485957757229,NA,1094.068703675128,59720.710456498564,919.3803123368929,0.0034709902153842597,5
Andorra,2020-03-23,NA,1,1.2981436380679723,0.9518936690325788,NA,0.038871096214121485,0.005410226494034514,NA,1.6912860683906543,40.81753256939011,NA,406.4072010126561,213.53214668135277,915.4433230207784,0.9707671883223992,1463
Andorra,2020-03-24,NA,1,1.2585065686516785,0.9490389535483705,NA,0.03194901213829325,0.005417743010052012,NA,1.8110729324614065,42.97026574120136,NA,591.5835576020013,13376.405026527415,912.5934797054408,0.015496689973069437,23
Andorra,2020-03-25,NA,1,1.211183654652258,0.9452741166024277,NA,0.025395507358557456,0.005604064084215186,NA,2.2088699468776665,45.81803418704987,NA,1251.1641721827996,63950.91950125352,910.3343717218332,0.003241392043569285,5
Andorra,2020-03-26,NA,1,1.184283072703841,0.9423901591790617,NA,0.022175258287504745,0.005833511553719533,NA,2.5277869581032086,48.0036547007617,NA,1724.1116956301314,100243.00836887328,909.0686474975703,0.002067874907420168,3
Andorra,2020-03-27,NA,1,1.1518833131205655,0.9385649544553212,NA,0.01945003964680913,0.00649053018117745,NA,3.12886098130275,50.91217332231746,NA,2507.3531460073814,159948.3720054697,909.2695639234383,0.0012959806908395064,2
Andorra,2020-03-28,NA,1,1.1196661688614886,0.9355384978591754,NA,0.017443939635984927,0.00749136008090361,NA,4.074768642570092,53.236856800187695,NA,3425.290470037785,229705.56651350146,913.0320759226772,9.024161007352822e-4,1
Andorra,2020-03-29,NA,1,1.0946755389722247,0.9337754523637448,NA,0.016215871018632172,0.008670885360980006,NA,5.0582788588162035,54.61550553422802,NA,4184.5480183556065,286890.8639190152,917.6843734772406,7.225395706878197e-4,1
Andorra,2020-03-30,NA,1,1.082375716087765,0.9324077018559492,NA,0.01563828180037563,0.009549746623921952,NA,5.593881955457655,55.68319870888408,NA,4527.051599222523,312263.27404931904,919.7815652798133,6.6383087246297e-4,1
Austria,2020-03-14,2020-03-24,2,1.3282294227770208,1.1883343534378916,0.9222808285785548,0.047891430381075885,0.009327890033044076,0.0023389697152398354,0,70.50711494692115,1260.830585167594,1159.573537355231,10273.784038305203,1007.6881387411095,0.014402646692598315,2
Austria,2020-03-15,2020-03-25,2,1.3606449020026974,1.1408970008947406,0.9182767221059331,0.04069105689263765,0.008798645993070566,0.0028165457227930135,0,143.93487522571172,1320.0378080669811,1285.4588054116962,21666.97527240786,1015.6656866316796,0.006829272652939243,1
Austria,2020-03-16,2020-03-26,2,1.333167457338972,1.1254521379107334,0.9165045941861751,0.033873068478013184,0.009338889187022097,0.003125152159857029,0,178.63517470828535,1346.2340490411164,1083.8254174965166,332.7465324046033,1014.6282132902068,0.44469188192723824,65
Austria,2020-03-17,2020-03-26,2,1.3124405234026262,1.122366973635384,0.9167701974816427,0.029264660214657318,0.009748309030483267,0.003129582050159156,0,193.49487366305254,1342.3696588101593,1368.3767693832224,11017.413516258735,1013.9025373290598,0.01343052808913838,2
Austria,2020-03-18,2020-03-27,2,1.3271892992902965,1.0661734284046984,0.9121280802808077,0.029914707543635028,0.010808668010401404,0.004873569758748769,0,347.6731400196168,1411.972450207577,1430.5219441974054,684.8511266261971,1031.33658555457,0.2160610911581811,32
Austria,2020-03-19,2020-03-20,2,1.308761885681902,1.856230936120645,0.9450574017810912,0.07075970505656143,0.38943798436385324,0.006211853170616746,0,-901.1340570221709,933.058267603351,1335.6067670661903,1760.7845659306236,1054.9985159831363,0.08403622144516,12
Austria,2020-03-22,2020-04-10,2,1.2989977336178022,0.9438235368367107,0.914296258765424,0.01658973807269995,0.006252942926748833,0.016748031245212562,0,999.4601897419916,1390.5194605181136,1425.7202329554984,1511.4616316789677,1034.1604408694911,0.09789840416616964,14
Austria,2020-03-22,2020-04-11,2,1.3011142114417935,0.9423005597407766,0.9158651637806364,0.016827496564323082,0.0061076251908565036,0.018993521038632055,0,1009.7016158866613,1368.0334081263609,1393.1292659297253,2319.526818126586,1034.721419425021,0.06379304629867422,9
Austria,2020-03-22,2020-04-12,2,1.3030699192245665,0.9409637316651656,0.9184446820111113,0.016961815111441444,0.0059544355144694906,0.021097024541755407,0,1018.9668117921544,1329.8648113160275,1367.3297837793507,4348.190801067094,1035.1720821465192,0.03403017219562959,5
Austria,2020-03-22,2020-04-13,2,1.3040471097236603,0.940309936397985,0.9199613631727395,0.017016765780394832,0.005861026928328185,0.022417068112635618,0,1023.5564057384504,1307.3172593645,1370.2081602488947,5960.094207678674,1035.3635257602575,0.024826735374271332,4
Belarus,2020-04-07,NA,1,1.242965829959213,1.0237712417889557,NA,0.31322878615944844,0.007398232763624923,NA,127.05345263392708,280.4896643531071,NA,23482.171127100653,508377.8162536912,779.6972825078865,0.02244681080785639,1
Belarus,2020-04-12,NA,1,1.165799932594294,1.0220851339100054,NA,0.13037490137136945,0.006317081488074839,NA,70.0663767615425,389.97551863276897,NA,4162.501230057934,52106.42163132619,780.1195806517223,0.21900296169056552,13
Belarus,2020-04-13,NA,1,1.1597833496733454,1.0210215565712997,NA,0.06604732787084158,0.005261876736013287,NA,61.25841807386858,418.9863206909428,NA,5283.050929632302,72098.80810449165,779.5094781322211,0.1582753024685143,9
Belarus,2020-04-14,NA,1,1.1567787760090655,1.0198697541380364,NA,0.04389002822489365,0.004787250518666973,NA,51.29898305789564,450.9364178994294,NA,4997.960235397695,69575.87886905932,778.6173301665951,0.1640146103196766,10
Belarus,2020-04-15,NA,1,1.1552175244160439,1.0184420898144944,NA,0.030654370017345448,0.004364279064576532,NA,40.300548283862774,489.0607492115464,NA,4113.9025998038405,56620.67231404926,776.8904224712919,0.20154230237789428,12
Belarus,2020-04-16,NA,1,1.1473030165121034,1.0172953780008773,NA,0.023806473672206174,0.0040979532457708885,NA,35.61309145229613,520.2815678221473,NA,7108.313697007115,109200.91478849367,776.4744119932113,0.10449968008473307,6
Belarus,2020-04-17,NA,1,1.1398997731016378,1.015832397982041,NA,0.01888751473527534,0.003966584984101614,NA,32.70829377019744,554.2875387729821,NA,10931.683261954322,176492.7656858638,774.1160168674612,0.06465681817615591,4
Belarus,2020-04-18,NA,1,1.1244965189237064,1.015364954155231,NA,0.01791459483170809,0.004242505400723742,NA,41.904610089007065,563.4443581175514,NA,24665.639832548488,416700.37077928515,775.2294874322706,0.027385290392271153,2
Belarus,2020-04-19,NA,1,1.1173575994535367,1.0144297763601822,NA,0.015267954540699128,0.004153980490323614,NA,42.74846241220589,587.9571413377056,NA,31295.05757881005,535455.5675039139,775.5669362833007,0.02131168551212118,1
Belarus,2020-04-20,NA,1,1.1099912163769592,1.0137013409600502,NA,0.01385514591629147,0.004230857181633229,NA,46.40216733408281,605.5574738800743,NA,39193.51489702786,676654.2045316298,776.1349416549185,0.01686453817021152,1
Belgium,2020-03-27,2020-04-03,2,1.1989784738078186,1.0483614070438432,0.9656327092746868,0.021518409769827374,0.018517994309988305,0.0023585529168145794,0,939.097411273387,2208.817464634398,2228.614745157225,3696.5948333902115,1735.2815000087637,0.29873328690437156,8
Belgium,2020-03-27,2020-04-04,2,1.1959788901441817,1.0430167032780355,0.9645057363707773,0.019776410867261233,0.015019817454946916,0.0022920103246129317,0,953.7192351104208,2270.3481501451415,2083.5282665721097,17806.847751472007,1732.2150586636965,0.06201523932505622,2
Belgium,2020-03-27,2020-04-05,2,1.1966734358245235,1.0348587871185764,0.9635421240336028,0.01790761203870096,0.011940601044445599,0.0022275560697336146,0,1008.9143346815804,2323.3517520007254,1913.3571146082922,17718.94575480131,1730.166946144631,0.06232289100118411,2
Belgium,2020-03-27,2020-04-06,2,1.1968251897364222,1.030245032983838,0.9627310776499609,0.016635497668604757,0.010136119635196129,0.0021867996750665054,0,1038.6272773523622,2368.0445718317333,1747.8454790266512,15112.973057066052,1727.7913285282054,0.07306940340345962,2
Belgium,2020-03-27,2020-04-07,2,1.1962077405766953,1.0274075184090712,0.9618376003699911,0.015549410371472498,0.008829185873950493,0.002141183133343668,0,1052.4693852151372,2417.241659280547,1647.5631554975323,16906.237316194536,1724.8801320390128,0.06531884678293066,2
Belgium,2020-03-27,2020-04-08,2,1.1960129231818204,1.0241373857563523,0.9607122883871284,0.014256362241434103,0.007512353865650243,0.002070458670639678,0,1071.6439758477936,2479.3005868603477,1587.799757173491,19419.46858828531,1721.810470307473,0.05686540390701198,2
Belgium,2020-03-27,2020-04-09,2,1.1958645749652659,1.0216974670345658,0.9596512996640758,0.013230317513731289,0.006544245757599047,0.002021795561197519,0,1085.9319179479141,2537.998372919492,1527.5297587695432,19346.375772325242,1718.009300978488,0.05708024789387467,2
Belgium,2020-03-27,2020-04-10,2,1.1967707407052008,1.0183030576737189,0.9583414237700749,0.012119868395671498,0.00555931143421136,0.0019789777873628436,0,1112.7460037012902,2610.7675035160264,1468.6015565481634,15365.844305765013,1714.0235812213043,0.07186692139774331,2
Belgium,2020-03-27,2020-04-11,2,1.1989926340152166,1.0144425593778794,0.9571120594567002,0.011271338119503404,0.004795490846777902,0.001974615074429458,0,1150.669715363798,2679.502156761885,1359.1273926301265,5146.2257156639025,1711.5951491838662,0.2145836552740309,6
Belgium,2020-03-28,2020-04-03,2,1.1933382338715384,1.0319590996358718,0.9660186713827777,0.019596182265353573,0.021922110860535204,0.0024372409353664378,0,1175.4856137725951,2187.539306601083,2537.9081174143525,28950.63210130852,1733.608693324468,0.03814410411033697,1
Bosnia and Herzegovina,2020-03-12,2020-03-30,2,1.5611715231236223,1.1587542259325736,0.9850678020250274,0.7399207957768391,0.02286265155449322,0.002829261028651383,0,2.816921080337341,58.917636002474744,139.59612884860334,96.75083487384205,800.5295128675149,0.13003673433280202,6
Bosnia and Herzegovina,2020-03-12,2020-03-31,2,1.7421876867819819,1.1368835836671853,0.9843532731289453,0.7064391362509541,0.019377782289800038,0.002831542575343698,0,4.237128721803575,60.368282999875916,137.14302459718309,96.54204886891478,800.5849419588432,0.13031795739128507,6
Bosnia and Herzegovina,2020-03-12,2020-04-01,2,1.932809224309071,1.1172578253567096,0.9836663287304106,0.6976055864059281,0.016941199262163496,0.0029448208400045164,0,5.70885979266653,61.817288375712124,140.91943745675735,137.93234901566805,800.904884241561,0.09121255964065017,4
Bosnia and Herzegovina,2020-03-12,2020-04-02,2,2.0612315015437748,1.1055661382300692,0.9831800218983677,0.6993308404449363,0.01565448172766561,0.003059392982590576,0,6.6896575431959375,62.86488493944687,146.2321144102331,151.7138955879228,801.2286893746247,0.08292689711915963,4
Bosnia and Herzegovina,2020-03-13,2020-03-30,2,1.4336486876877639,1.1579969326599948,0.9850850714582534,0.4854554023233689,0.023571965558003366,0.002834602863967063,0,3.0321693053054606,58.88270047346792,143.3822900458628,233.61744971706733,800.5125230088822,0.05385369383238951,2
Bosnia and Herzegovina,2020-03-20,2020-03-31,2,1.2405876038186943,1.1282554815873258,0.9845510895477775,0.1057316127228227,0.027725810688395122,0.002877676845950381,0,7.076923700576199,59.960139971130026,141.90254672730535,553.2083894642193,800.5437607777299,0.022742176095976084,1
Bosnia and Herzegovina,2020-03-20,2020-04-01,2,1.2657833045227924,1.105501092572998,0.9839889884243715,0.10186350564964958,0.02315429394878461,0.002955173198473301,0,10.097779352837044,61.13286309526019,132.60057129525296,122.24280965186594,800.5257710496716,0.10291944897860547,5
Bosnia and Herzegovina,2020-03-21,2020-04-06,2,1.2806265950388542,1.049510308503247,0.9825018173825025,0.06844218499113788,0.014443914033063766,0.003489058812986956,0,20.56934950166905,64.39290269463592,144.45541148970747,120.58410853951533,803.9471023350933,0.10433516292773984,5
Bosnia and Herzegovina,2020-03-21,2020-04-07,2,1.2818870854290594,1.0477551446480504,0.9822116914509703,0.06814256702363765,0.013952905706408501,0.0035327245416970627,0,20.837742729509802,65.01403018434182,145.77905426081045,99.69068592695378,803.7305565095512,0.12620198661472926,6
Bosnia and Herzegovina,2020-03-22,2020-04-04,2,1.258580695275151,1.060379950818912,0.9830430802189272,0.06710207649129342,0.01691691293919474,0.0033334647255605205,0,18.432669234430215,63.21071731182147,139.45502792174497,80.93206054944098,803.3143541945201,0.15545338306666281,7
Bulgaria,2020-03-23,2020-04-07,2,1.1337698156750198,0.995329534323365,1.0482822759016308,0.038624781737039766,0.024842115564099553,0.012728218759202844,0,25.888332612759452,-3.1827225137085335,40.60835255873145,72.94111434179929,445.3622867816088,0.08277334820878293,1
Bulgaria,2020-03-23,2020-04-08,2,1.1341449429886734,0.9963696256469889,1.0502575893203128,0.03772200273971227,0.02268016250319584,0.01294398338308704,0,25.763984342894997,-5.329370696612827,38.576620896397024,68.06548643108295,445.0497992889505,0.08870252124420679,1
Bulgaria,2020-03-23,2020-04-09,2,1.1338509996312809,0.9974994577493148,1.0510902394235315,0.0373822740707518,0.021733860937798253,0.013118960589016926,0,25.49773833192766,-6.281595200882766,34.66068712227653,50.16407968192169,444.97118802382585,0.12035664352726573,2
Bulgaria,2020-03-23,2020-04-10,2,1.1328003827308306,1.0000432439812739,1.051744209578172,0.03710199224629015,0.020652483511566976,0.013480313742661874,0,24.82558494616708,-7.125611792715862,34.43176769935184,50.879390599772826,445.04200418517695,0.11866455523501025,2
Bulgaria,2020-03-23,2020-04-11,2,1.1315101393798086,1.0023226162749985,1.0516878346975367,0.037081114596641485,0.02013647624395082,0.013814691570463842,0,24.1580668205995,-7.188846877712187,34.494612631950375,47.31871728594719,445.2279437106151,0.12759391214401022,2
Bulgaria,2020-03-23,2020-04-12,2,1.1293733606372602,1.0056295512223326,1.0514304630788702,0.03728283404528702,0.019516717406494695,0.01440766739223124,0,23.140092360591485,-7.134310376579947,37.073167049699194,54.20560878335945,445.5066733345779,0.11138294341975691,2
Bulgaria,2020-03-23,2020-04-13,2,1.127918501948721,1.0075316004016521,1.051073949349592,0.03749509278516373,0.019274229632105313,0.014795270740368332,0,22.51235058930188,-6.87873495055743,39.29908565213954,53.75280098643311,445.6947432023365,0.11232122131968998,2
Bulgaria,2020-03-24,2020-04-09,2,1.1249894230228008,0.997256986659487,1.0509074357368084,0.03534175736337269,0.022664786905061664,0.013298899384697097,0,25.674219709026058,-6.140496593825521,40.619977757753816,78.52155711543752,445.3001500777536,0.07689073520631191,1
Bulgaria,2020-03-24,2020-04-10,2,1.1240206620923872,0.9999100613682897,1.0515419143759461,0.03507882332250356,0.021509567398313202,0.013669121416294968,0,24.946230745543577,-6.962254413188106,40.14182674241698,77.78382636878457,445.37238282896914,0.07761999554412953,1
Bulgaria,2020-03-24,2020-04-11,2,1.122823117981627,1.002281395830519,1.0514680535995369,0.03505881898672049,0.02096056154034577,0.014010652572389985,0,24.228886152372745,-7.004641530953659,39.649887122146026,72.13863956888206,445.55526486647346,0.0836941241508357,1
Croatia,2020-03-26,2020-04-02,2,1.176278385655976,0.9931578403918391,0.9445769130878486,0.0168192640974011,0.018554531345967754,0.005326072662684673,0,80.93928100674859,127.72271400049132,165.04101124243834,401.64476944141126,797.8643410047483,0.10675720697482206,2
Croatia,2020-03-26,2020-04-03,2,1.1768866577666786,0.9899028567806369,0.9438846149002879,0.016374933537859418,0.016752337586570097,0.005431711977635372,0,82.64684003583045,129.17128257686335,164.25504305406912,591.1631099024892,797.7314447427108,0.07253239091438593,1
Croatia,2020-03-26,2020-04-04,2,1.1775591124632938,0.9860923677202013,0.9429046040102238,0.015883622388320112,0.014668337249846891,0.005623949257815456,0,84.62830117644691,131.2278982195125,160.95744170547295,748.3534205165998,797.533942138707,0.05729709066073589,1
Croatia,2020-03-26,2020-04-05,2,1.1775676685578413,0.9846064177712288,0.9418539229164827,0.015425954901224257,0.013401310024751511,0.005729802255011172,0,85.28887284768277,133.4281820541268,156.44209129584547,824.2118763383295,797.1175564259871,0.052023605837985175,1
Croatia,2020-03-26,2020-04-06,2,1.1774110650095158,0.9834063275287169,0.9402840516643977,0.014773517857722665,0.01203566545811053,0.00583473441290635,0,85.75009396651308,136.72062403813848,147.72617180811227,800.941529124948,796.427883094134,0.05353508617346564,1
Croatia,2020-03-26,2020-04-07,2,1.1763872285760921,0.9837218357948784,0.9385394448166662,0.014346906860905898,0.011209125666127522,0.005912960226148648,0,85.15810360929655,140.37098538467177,136.4649048582997,598.1178487350393,795.3210511363628,0.07168900555684003,1
Croatia,2020-03-26,2020-04-08,2,1.1752513252457668,0.9837751934661539,0.9357842542450147,0.013709392443786222,0.010113634094680041,0.00606506311954537,0,84.63245024658892,146.15683432808945,122.59678919883,360.85400724957117,793.5919102337135,0.11882498994103213,2
Croatia,2020-03-26,2020-04-09,2,1.1742159989486698,0.9836363717610872,0.9327148778444794,0.0132688985115817,0.009279293399689085,0.006341035465637288,0,84.23619521691148,152.6237615469158,112.54429660224115,232.63660925204894,791.6806163258342,0.18431524565058877,4
Croatia,2020-03-26,2020-04-10,2,1.1739495207141166,0.9827306758430493,0.9295270084147683,0.012868785971273498,0.008547852656473827,0.0067299279926918915,0,84.51872943301174,159.37628950460302,106.73774563014055,210.60555270096538,790.0748892384423,0.20359612190516993,4
Croatia,2020-03-26,2020-04-11,2,1.1768797094088734,0.9785739351911509,0.927138196577051,0.012047256026918538,0.007388116622934112,0.007164391965724638,0,87.65115220423336,164.54758143231277,107.62832411362133,539.8322448568548,790.7113624999243,0.07942925638497446,2
Czech Republic,2020-03-15,2020-03-26,2,1.3044217262550217,1.1715955377888998,0.9609438170465849,0.14277735699178243,0.026895603605114112,0.005709554624569952,0,25.104149620097047,373.5220957278858,214.60222003021926,419.0185747613309,637.4869008225145,0.2918376290559237,9
Czech Republic,2020-03-16,2020-03-26,2,1.2745212286223515,1.170837153991846,0.9609708670103453,0.11145969630564886,0.028894704411161397,0.005762873204371261,0,26.23207088151787,373.35090954891996,255.58969310897075,3237.461817124763,637.5514908540125,0.03777199370874513,1
Czech Republic,2020-03-16,2020-03-27,2,1.295730458937419,1.144742620569526,0.9566073042957903,0.09434126318173486,0.020917209946219234,0.00544497114827098,0,38.1999231070769,400.360406934018,136.95848069814713,562.3399347279128,633.2029334471322,0.21745812423566663,7
Czech Republic,2020-03-17,2020-03-27,2,1.2797532523738748,1.1432638168534799,0.9566929403601718,0.08204082753687793,0.021761230670906104,0.005457148029671916,0,40.67385178507766,399.8227890346958,170.65326285703338,1660.7279627126586,633.1809530469116,0.07363360534316306,2
Czech Republic,2020-03-17,2020-03-28,2,1.3206713127456031,1.1113597507710429,0.9529814812461206,0.07507513738679644,0.016750573002834633,0.005644100232661461,0,62.374845468418954,423.3189217157166,237.3265498000011,3667.84676736082,633.589839257932,0.03333982991790274,1
Czech Republic,2020-03-18,2020-03-28,2,1.2844373019603583,1.107398718355714,0.9532992505555373,0.05919202404945926,0.018077626370316124,0.005678802364557135,0,70.10727910743924,421.29996622404167,153.0752704694059,1756.550125403261,633.4707735532797,0.0696167935205751,2
Czech Republic,2020-03-18,2020-03-29,2,1.318297122678018,1.0807568103396716,0.9512363101142632,0.05831322745520807,0.01522508413624539,0.0062374657975334275,0,94.06596368598514,434.8343997790347,190.21817438646437,2880.6124691594155,637.0192900464873,0.04245117616408254,1
Czech Republic,2020-03-19,2020-03-28,2,1.2700646982604131,1.1037869197704668,0.9535896750128343,0.05257853664897317,0.01925684673775504,0.005756026069529309,0,77.15288921933512,419.45241002197974,223.41898438935144,3555.156716255086,633.2131725494709,0.03439662359457153,1
Czech Republic,2020-03-19,2020-03-29,2,1.2987887788457981,1.0767058192025614,0.9516774496053483,0.051520393812925364,0.016059808803944906,0.006286072633516892,0,103.04649327446191,431.9961336847297,138.7985062940349,978.1066446372383,636.4131645955064,0.12502255051553454,4
Czech Republic,2020-03-20,2020-04-07,2,1.291907176375868,1.0107854020252467,0.9274980317399546,0.04088135557296191,0.010631305977698569,0.015149457293986842,0,195.09851139933127,596.7102109150093,291.3559543957445,1642.0389245038907,642.7957076433612,0.07447167394383493,2
Denmark,2020-03-05,NA,1,4.839565757232064,0.9945961356581263,NA,9.58026367805438,0.006970281552050402,NA,100.01206419874612,138.4617604144855,NA,9470.657696533779,412969.51462051587,1121.5177512851876,0.2662321174666576,6
Denmark,2020-03-06,NA,1,4.839565757232064,0.9945961356581263,NA,9.58026367805438,0.006970281552050402,NA,100.01206419874612,138.4617604144855,NA,16148.431670160195,626143.417631366,1121.5177512851876,0.17559195741849498,4
Denmark,2020-03-11,NA,1,1.4217804719007199,0.9905201430835721,NA,0.18142830056620787,0.005970543952916746,NA,69.27879817234113,182.26900432243383,NA,16371.368016120778,923189.8710435337,1116.6937504743557,0.11909332172624452,3
Denmark,2020-03-25,NA,1,1.0919603873118613,0.9864843752726639,NA,0.04979190424201401,0.006167749669533126,NA,59.00291691760724,226.8152520719704,NA,35296.46673449653,2231011.595553981,1119.4881920198957,0.049280670950209556,1
Denmark,2020-03-26,NA,1,1.099309020357524,0.9846937774287864,NA,0.04227210839333399,0.00574954569982372,NA,48.11643880874408,245.71311761788763,NA,31128.15354144404,1973063.9620394905,1118.4737830353654,0.05572335739838383,1
Denmark,2020-03-27,NA,1,1.1028661874801857,0.9828819653440822,NA,0.035671758821536066,0.0053416030222679465,NA,39.630015509924206,264.8404004593906,NA,28444.668143490617,1806148.0605065464,1117.4022963520915,0.06087305394872374,1
Denmark,2020-03-28,NA,1,1.10310954237108,0.9811492935219183,NA,0.02990440867699447,0.004998744126235869,NA,33.41578693827405,282.94645608365875,NA,27094.71605262827,1722760.6483096029,1116.113597911667,0.06381951458809909,1
Denmark,2020-03-29,NA,1,1.1054872193185108,0.9791404755134133,NA,0.024990287390106444,0.004609300624612081,NA,25.704105352614867,303.79328846763445,NA,24887.43398078282,1583405.3795530666,1113.7226898787396,0.06943626044622328,1
Denmark,2020-03-30,NA,1,1.1018542518342265,0.9774399414191456,NA,0.02077300921147105,0.0042635290643220705,NA,23.61489436022197,321.5871678043404,NA,25268.93551606921,1608183.5120265314,1112.1860400760213,0.0683664193199264,1
Denmark,2020-03-31,NA,1,1.101965917095067,0.9751966477377411,NA,0.01690750943961344,0.0038161434237638883,NA,18.141276212748046,344.8256833465771,NA,24174.542971806943,1535912.807328527,1108.013711790592,0.07158332673703702,2
Estonia,2020-03-14,2020-03-27,2,1.299718622985806,1.075495528428695,0.9596853325631991,0.1297488911046076,0.03163248054024666,0.007499816663165038,0,17.713624470011773,80.01950984564851,181.30862077662454,184.43294484631645,831.5687868857211,0.3282218305079544,38
Estonia,2020-03-14,2020-03-28,2,1.3047417818169695,1.069321444492729,0.9581666797100485,0.12341291016453375,0.028023202870920628,0.0075105745352862675,0,18.598206648615005,82.5121963986563,176.50704115245523,410.7675831939233,830.94046506612,0.14737024351518035,17
Estonia,2020-03-14,2020-03-29,2,1.3295985378112234,1.0554464072798504,0.9563085820571754,0.11579681847053977,0.02332125136731691,0.00783346215983286,0,21.658018311978456,85.6019155806038,205.92633022957992,2775.5944627719236,830.7084816706265,0.021809713045390543,3
Estonia,2020-03-14,2020-03-30,2,1.3356865447021984,1.0511364585465064,0.9550171471169301,0.1123725192463225,0.021446088596693745,0.007952111759548986,0,22.479456806299673,87.74446926698202,232.03796004766122,4592.788091215315,830.3167053378392,0.0131804293081182,2
Estonia,2020-03-14,2020-03-31,2,1.3398872962750314,1.0477202162393715,0.953301982893082,0.10849302430914953,0.01967949164104099,0.008053256232182815,0,23.081199322817127,90.59023616541415,255.0297195460121,6158.771103879822,829.7841709792647,0.00982905806083548,1
Estonia,2020-03-14,2020-04-01,2,1.340197123451436,1.0459992750734561,0.9514289287487382,0.10501845651615764,0.01831995748244686,0.008111527042191388,0,23.241630021860413,93.69653803377528,271.3725171319137,7035.368608448097,829.0369365116107,0.00860437059271351,1
Estonia,2020-03-14,2020-04-02,2,1.3371141669369029,1.0451148632380247,0.9487571941054858,0.10162394338477604,0.017014248157826223,0.008221831575228461,0,23.06794499221137,98.13056924645923,270.3661686254693,6558.362368190363,827.7283231628735,0.00923018817274256,1
Estonia,2020-03-14,2020-04-03,2,1.3414469323856737,1.0406335342932849,0.9432871384895539,0.09840119545669358,0.01511185778486159,0.0089560212419781,0,23.76425844929873,107.2874660488998,273.3206212610234,5839.304402438949,825.7703325729757,0.010366803062732348,1
Estonia,2020-03-15,2020-04-08,2,1.3214285342798604,1.0071374356766059,0.9404333470500142,0.07220969199971218,0.012203753945611564,0.01467269365784397,0,36.1434763393743,112.78647417132794,277.01309291127586,341.1554118853702,832.521065408831,0.17744088662961205,21
Estonia,2020-03-15,2020-04-09,2,1.3283362228709967,1.0044989392327233,0.9399478071982412,0.0726218496976031,0.011854101726110323,0.015635823362492196,0,37.241287618401444,113.73437907926262,277.97323722586236,220.9735252054003,833.0279425980011,0.27394647710472053,32
Finland,2020-03-14,2020-04-15,2,1.4021984812198218,1.025776927490348,0.9750388755574843,0.08313327503986045,0.006834142993145163,0.006751455016804307,0,58.34534082806842,218.72832298785124,669.1781567638338,15294.053214043543,826.4299470545427,0.01509441661068168,1
Finland,2020-03-14,2020-04-16,2,1.4046676146983168,1.0250904084484955,0.9740661067759181,0.08339665582923027,0.006711427310207639,0.006991265513981748,0,58.83446696872229,224.00013148285558,599.5319840651559,13233.122134925914,826.264281085439,0.01744522634378307,1
Finland,2020-03-14,2020-04-17,2,1.4082861753711768,1.024034362641054,0.9721835210509744,0.08417208468680766,0.006542061732752368,0.007467167508443872,0,59.559030973169044,234.24451629014726,551.06854334437,11331.697493836702,825.9448730715494,0.020372482675633557,1
Finland,2020-03-14,2020-04-18,2,1.411684845149927,1.0230950701708348,0.970375236821226,0.085326750075861,0.006434305400689251,0.00797832591168192,0,60.231415121759284,244.17091367854462,502.97215473578956,9575.652080281423,825.7431773726807,0.024108521168401065,2
Finland,2020-03-14,2020-04-19,2,1.4239466340762739,1.020874525084314,0.9683767502739751,0.0862074808380047,0.006189969208239143,0.008794754524892121,0,62.47617689375376,255.7204859706116,368.8750201815488,4552.154306995661,826.5150623721379,0.05071330963538193,3
Finland,2020-03-14,2020-04-20,2,1.429935554396856,1.0198059747360124,0.96717437797864525,0.08681316299123891,0.006075049937455416,0.009286497120022733,0,63.57008484743072,262.67541538055127,308.2529189138767,2622.8670489060883,826.8278266414441,0.08801620767434261,6
Finland,2020-03-14,2020-04-21,2,1.4328014895068109,1.019187168567514,0.9657032602296687,0.08772695318810021,0.006017479479591664,0.009774366432954247,0,64.11021974559102,270.9859771963766,285.99335233272416,1883.3175692881994,826.7963926687273,0.12257880170786069,8
Finland,2020-03-14,2020-04-22,2,1.4398791650793838,1.0179584613777302,0.9633306877921118,0.08860903478542943,0.005880186036292362,0.010643302765643993,0,65.3977090737563,284.67359224642803,263.8430581574016,938.5575571050638,827.0471840644552,0.2459676650953289,16
Finland,2020-03-14,2020-04-23,2,1.4455296316788102,1.0169991086057393,0.9613593169754817,0.08977819949933072,0.0058046937317365625,0.011459795926368577,0,66.42223107632601,296.1589307176594,260.7301170655891,761.5947641919827,827.2986259193613,0.30312027042837514,20
Finland,2020-03-14,2020-04-24,2,1.4564217654875105,1.0153918138416191,0.959368262289608,0.09116533023699037,0.005687022981850661,0.01268467511634799,0,68.35964250511314,308.36453735392865,292.60298546171526,2050.528131007075,828.1413507107038,0.11258309866021138,8
France,2020-03-14,2020-04-03,2,1.2915910509420723,1.0999859952524178,0.950688542673403,0.21958406140208409,0.022576802049278824,0.007803848978854297,0,701.466108879825,9525.692043562496,36236.82835496758,24669.336415647304,1896.0874674613492,0.21870715290367765,7
France,2020-03-15,2020-04-05,2,1.2867164201578478,1.0845791136686278,0.9450751634735988,0.16399952018581027,0.018211159857432862,0.00790745594202938,0,903.3516227003249,10474.020125830286,33676.363354208566,24960.57631813326,1894.205664533366,0.21615527873727972,6
France,2020-03-15,2020-04-06,2,1.2899101453900208,1.082426656416003,0.9437226255922061,0.16080668256039238,0.01745640124088507,0.007957534727639116,0,927.2437122248855,10702.826396624443,33091.186690648996,34372.37197202065,1893.6122902852046,0.15696793738532502,5
France,2020-03-15,2020-04-07,2,1.2936807090435365,1.0788837823149948,0.9404417403139227,0.1531854796029801,0.01593438622472561,0.008026098249290766,0,959.9274655498523,11258.63097000961,32583.026584361884,75510.42607894247,1892.0552660968747,0.07145185918893705,2
France,2020-03-15,2020-04-08,2,1.2962248672822527,1.0760471199248085,0.9368914875735924,0.14565432118625643,0.01458989023036162,0.008078523276354218,0,983.9743529404184,11861.352666937924,32259.634006657336,128252.23072558273,1890.2560349594899,0.04206835468642663,1
France,2020-03-15,2020-04-09,2,1.2970171593998527,1.0737722205805844,0.9327198207147275,0.1373202363157594,0.013285236942499782,0.008095402868502511,0,997.6816315833098,12570.748935777132,31434.36610550438,156603.76855251004,1887.9662700157683,0.034452302019029296,1
France,2020-03-15,2020-04-10,2,1.2968498559546446,1.071752839544235,0.9275052140819985,0.12796241553338877,0.011959903829685627,0.008092539471633688,0,1005.9585663381204,13459.433062994849,31134.40113140954,155557.54847170835,1884.9095204989203,0.034684014916000726,1
France,2020-03-15,2020-04-11,2,1.2956916960441371,1.0701958530580757,0.9214204771369932,0.12048802514553993,0.010931558882529837,0.00822110107620932,0,1007.7409223047091,14498.096909324786,31978.160483302985,140666.9118718819,1881.238106120837,0.03835557530688725,1
France,2020-03-15,2020-04-12,2,1.2936862841180787,1.0695131233125061,0.9163227361112939,0.11725931642602758,0.010470241065303164,0.008497891756902125,0,1001.8298556401044,15369.556271241792,34744.836665560855,159400.363918735,1878.263888503413,0.033847854539653895,1
France,2020-03-16,2020-04-04,2,1.2761747794318772,1.0905304747922588,0.9477512845957331,0.17227393549834538,0.020334404489310377,0.0078979834337536,0,835.2137265736427,10021.341265437723,35374.93107048955,35192.563654600766,1895.1190516720928,0.15330967031678286,5
Germany,2020-03-17,2020-03-26,2,1.2994069648534379,1.1393876451751273,0.9594544071476471,0.058410001050974464,0.018680628821158368,0.0033631705987628375,0,1163.6604927006747,7879.308735600312,6978.511068407782,131515.4593899302,1490.977301622405,0.023524916678659174,2
Germany,2020-03-17,2020-03-27,2,1.3065936415228498,1.1165961593895442,0.9559607000956022,0.04258174378374421,0.011029520073506993,0.0027161776370970224,0,1381.6616900734,8439.662500530621,4830.4540146928175,135679.5528351591,1479.1617551574025,0.022802921733258853,2
Germany,2020-03-18,2020-03-26,2,1.2754683296774567,1.135139975873492,0.9596364138483223,0.04904599488757633,0.020900515919341354,0.0034896750595018984,0,1299.0195711633016,7849.339016628713,4911.302051131374,120133.46561928203,1490.9918381058053,0.025753774838300405,3
Germany,2020-03-18,2020-03-27,2,1.2743073505730413,1.1137445275735625,0.9561261906943566,0.03567584342577263,0.012165253930772432,0.0028198240737329285,0,1486.3300525061748,8411.764538304726,6976.331287555997,319676.7368439578,1479.4871193885253,0.009678183826100232,1
Germany,2020-03-18,2020-03-28,2,1.2827090686290188,1.0938298693100896,0.9530187967754726,0.028444599751377562,0.007989094799405872,0.00246048871881261,0,1748.4547480953274,8911.654819003832,4943.862510372945,200843.38314782447,1468.0884280757743,0.015404491677112067,2
Germany,2020-03-18,2020-03-29,2,1.3033370351281306,1.0742677280281816,0.9510368661850465,0.028570402915337013,0.0070612430863702495,0.0025859766721843384,0,2120.4945758242293,9230.299149863906,1666.5600819612548,18008.164396923872,1477.3700214052853,0.17180486338919618,18
Germany,2020-03-18,2020-03-30,2,1.3139844022306981,1.0649883367706785,0.9495143337977944,0.02974067292238513,0.006884828068696147,0.002760392495865113,0,2304.9565779634017,9475.31479256464,5875.378429083154,268035.8379825855,1479.5488275529303,0.011542822957520722,1
Germany,2020-03-19,2020-04-04,2,1.3008866266458734,1.0224269192614877,0.9414466728134726,0.037011583446952684,0.007973960451907382,0.005965976629843006,0,3432.572812927323,10814.651098881923,5427.305290421099,9654.78928600612,1499.5887928959107,0.32045134621301885,33
Germany,2020-03-19,2020-04-05,2,1.3058585499564614,1.017756879880853,0.9405784987482944,0.04071269491733761,0.008227831959113332,0.006949741737848014,0,3551.4292870220256,10967.654286811838,5731.959922652651,9475.479573528019,1502.3193433668864,0.3265154233192801,34
Germany,2020-03-19,2020-04-06,2,1.3095884697072249,1.0141548580676196,0.9401127685845487,0.04405985046988505,0.008441000526820352,0.007884421798380375,0,3641.8101306814133,11055.126255994914,6596.342654045019,42661.84042765376,1504.4793931078245,0.0725212553675534,8
Greece,2020-03-07,2020-03-28,2,1.4259837183743136,1.081625915343367,0.9536448477663271,0.18112797918844076,0.013588328201522287,0.005472371925359773,0,15.496101136392596,139.12581241581316,149.82075870689553,605.829434807491,839.5250433648415,0.03680131716978421,1
Greece,2020-03-07,2020-03-29,2,1.4600510263556468,1.0725717899772658,0.9506739255579999,0.17355195740702695,0.011994457475145612,0.005651446633685557,0,17.436565637027144,146.77019978586833,150.5545238678799,73.71295389011853,838.7755403707307,0.3024613721812924,9
Greece,2020-03-16,2020-03-26,2,1.125130450959609,1.1062519163280031,0.9580503990876842,0.03538348716727871,0.031512170335820586,0.006007621819982987,0,6.248794963061528,127.9222406173633,160.30380551255163,203.54334920607715,845.1577926525591,0.10953598468387545,3
Greece,2020-03-16,2020-03-27,2,1.125732180864824,1.0937511223961809,0.9558035802052478,0.03348983675264735,0.02652858265807783,0.005990813605110541,0,10.585730353120812,133.63493798743318,151.80650037983406,354.5260061668382,843.5786717981183,0.06288768889537968,2
Greece,2020-03-16,2020-03-28,2,1.1258039243967992,1.0839016430789299,0.9532899094114754,0.032316255760058706,0.023048767320175103,0.0061104618475495065,0,13.869655116214766,140.04058983897585,153.49382267128388,672.2897008926624,841.7754351020297,0.03316326451459539,1
Greece,2020-03-17,2020-03-26,2,1.125130450959609,1.1062519163280031,0.9580503990876842,0.03538348716727871,0.031512170335820586,0.006007621819982987,0,6.248794963061528,127.9222406173633,163.3006436595302,180.83632765934942,845.1577926525591,0.12329005720100893,4
Greece,2020-03-17,2020-03-27,2,1.125732180864824,1.0937511223961809,0.9558035802052478,0.03348983675264735,0.02652858265807783,0.005990813605110541,0,10.585730353120812,133.63493798743318,153.26483254669307,184.0362880854485,843.5786717981183,0.12114633159081001,4
Greece,2020-03-17,2020-03-28,2,1.1258039243967992,1.0839016430789299,0.9532899094114754,0.032316255760058706,0.023048767320175103,0.0061104618475495065,0,13.869655116214766,140.04058983897585,150.25778356481652,255.19824344573288,841.7754351020297,0.08736471254702272,3
Greece,2020-03-17,2020-03-29,2,1.130309021284787,1.0699869368683426,0.9508101169154498,0.03074770224823408,0.019508868936023323,0.006265930558158447,0,19.96660994184306,146.4132159118624,151.60299437610695,343.11030715880906,841.1308236207589,0.06498003911850471,2
Greece,2020-03-17,2020-03-30,2,1.1353731072597282,1.0579796717185201,0.9486542044712358,0.029945702853180853,0.01709456400163979,0.006569345685904014,0,25.617227164139827,151.9974673020006,158.77479277221957,381.9704385319459,841.1942557079672,0.05836923209772665,2
Hungary,2020-03-24,2020-04-10,2,1.1379479361524036,1.1023966617381804,0.9709959957446542,0.061101369987667555,0.018220884296768568,0.004407096914283008,0,5.9370628271753105,134.7097155008309,122.91384696617796,766.480642001627,781.1061187470891,0.06434307441097789,3
Hungary,2020-03-24,2020-04-11,2,1.178367949988773,1.0734630109210614,0.9687584735035788,0.054671252464156744,0.013390168177127978,0.004544787721421127,0,17.51912482430781,142.11752435111208,100.55275087144042,942.2239945502707,783.68270726149,0.05234182239906175,2
Hungary,2020-03-25,2020-04-10,2,1.1329698836604898,1.1027911188847606,0.9709533213652207,0.05531207041793443,0.01882900323245072,0.004429221407887374,0,5.643429013061393,134.8444705822103,132.8355798524152,1303.8749091574705,781.1416617044466,0.037823966575714386,2
Hungary,2020-03-25,2020-04-11,2,1.1693115901683635,1.0729754460512275,0.9687971739306538,0.049563639419364404,0.013787122194570135,0.004574197718022134,0,18.014858949904443,141.98700277338722,92.06989540719383,462.066265948849,783.7198042541937,0.10673300480313423,5
Hungary,2020-03-26,2020-04-11,2,1.1538089334838235,1.0727335348520437,0.9687846432829943,0.04203431993877961,0.01456690733172426,0.004627056081818773,0,18.323040090782243,142.022221057951,105.81099819413006,855.0301381137357,783.9545656044637,0.057679511849352584,3
Hungary,2020-03-26,2020-04-12,2,1.1703667849226957,1.0588844892702074,0.9682297123786151,0.04172492501138269,0.012977483740120829,0.004916546551240003,0,25.19499881746237,143.95275654544838,87.13050057102811,188.20605423561955,786.1026587199148,0.2620410973663089,12
Hungary,2020-03-26,2020-04-13,2,1.1834302809202826,1.0493212800744662,0.9679162225129325,0.042461366752733654,0.012174819623227029,0.0052901432145672275,0,30.30863419115449,145.08976535291706,132.6369526548058,2200.6764189221954,788.0118911971969,0.0224102555736198,1
Hungary,2020-03-27,2020-04-12,2,1.1582397812392922,1.0580563679091266,0.9682934890914289,0.03682418101471768,0.01356557174227879,0.0049673734931242495,0,26.147870879173233,143.73724213035726,104.0545849379374,561.4865037623222,786.2406335846425,0.08783420554621386,4
Hungary,2020-03-27,2020-04-13,2,1.1695297555198996,1.048193791336868,0.9680345071890787,0.037426792930404636,0.012673411177558954,0.005335723413573956,0,31.668686651771242,144.69327730015405,95.31519572960075,206.7439709631555,788.0822034482153,0.23854490533933811,11
Hungary,2020-03-28,2020-04-13,2,1.1572593257904311,1.0470723467032639,0.9681332806070131,0.033183540560928655,0.013263935191276641,0.00539166093895865,0,33.05609372615017,144.36017692186363,116.50777470051612,702.0500422418281,788.2253162259665,0.07024815613627841,3
Iceland,2020-03-16,NA,1,1.298512541238913,0.9680181384589915,NA,0.14247236427585128,0.011462486493886717,NA,8.54586570061312,65.06040857597965,NA,1200.3792521728462,3407.139697411327,794.8631925584749,0.6122748414098748,58
Iceland,2020-03-17,NA,1,1.3211488394461424,0.965359396807304,NA,0.1281600086284026,0.010984608183264681,NA,5.632219491979031,69.67431916696995,NA,2372.8256620049196,59187.78131266374,793.7554499493863,0.03524555020695578,3
Iceland,2020-03-18,NA,1,1.3265218797017466,0.9582580045833574,NA,0.09047879507895536,0.009851582654241128,NA,0.9108016408433567,81.928854166889,NA,3259.6097557665157,122549.8662744114,790.4835009106744,0.017022506684932964,2
Iceland,2020-03-20,NA,1,1.2759555922467585,0.9433134166496433,NA,0.043139433372859436,0.007815350750910765,NA,-2.35308658699698,107.41883136005099,NA,1055.064198856832,28325.383886107225,779.9313768812871,0.07364793099651451,7
Iceland,2020-03-21,NA,1,1.2173448989415947,0.9391171150736132,NA,0.030930707161492564,0.007426356798490419,NA,0.8620375674237541,114.65720116942816,NA,530.8292596281326,12846.481058501578,779.9747886317517,0.16238734236978153,15
Iceland,2020-03-22,NA,1,1.1899346948603984,0.934245436651857,NA,0.02491589713312387,0.007295171831295995,NA,2.0415074529816852,122.98252658562181,NA,932.7535839579776,45250.756975671255,777.7150204699186,0.046101017028629794,4
Iceland,2020-03-23,NA,1,1.1456796108374396,0.9315954094365327,NA,0.020768026379527477,0.00780482933543868,NA,6.079189895278934,127.67901629099406,NA,2458.883755131126,148051.3367770884,786.5639580738925,0.0140904227094871,1
Iceland,2020-03-24,NA,1,1.1424681100063605,0.9294733602709198,NA,0.019440747949283972,0.007701556578196681,NA,6.0683490431121045,131.3092618875512,NA,2295.7036237775756,139801.15043435246,785.1095592386476,0.014921951009790857,1
Iceland,2020-03-25,NA,1,1.1348816443097633,0.9222040118661121,NA,0.015896825575691463,0.007336730684610172,NA,5.9549953865980125,143.77010121008396,NA,2469.843330146713,153320.69463308598,779.6770402984051,0.01360616010047502,1
Iceland,2020-03-26,NA,1,1.120943816372523,0.9125963606626505,NA,0.012046840527125733,0.006841686142079747,NA,6.819746975927006,160.371821834103,NA,3094.386027534058,194921.68102525655,777.6616114244933,0.010702277483557647,1
Ireland,2020-03-14,2020-04-11,2,1.3363616420366398,1.1152575681428443,0.9471557217810713,0.3719067381069067,0.007368347293403448,0.0029098999601990514,0,19.89936665044159,1379.6752018708237,994.7924777848385,3990.11964850694,1322.264650196834,0.1370032680439168,14
Ireland,2020-03-18,2020-04-12,2,1.2910742467365237,1.1029519716809648,0.9433651101655247,0.13369197086298984,0.005898734211160239,0.002583959517986685,0,41.95126733738965,1466.7427669472386,647.8408777699622,3081.220189440175,1314.0979244725017,0.17741654218844305,18
Ireland,2020-03-20,2020-04-15,2,1.2953518258826289,1.0704076242616385,0.933460547310164,0.053605609579839605,0.0047435390220198475,0.0030969540986046378,0,125.29392030289168,1697.3094166288663,474.6096813810753,1796.7662774013281,1316.8222289746834,0.3042462665329692,30
Ireland,2020-03-21,2020-04-16,2,1.3009343248773826,1.058597273848367,0.9300232037919466,0.0510140001911088,0.005103283574695571,0.003963968817313937,0,165.5162058528176,1778.7350628507265,707.3923908171687,6306.50236584005,1327.0951151316988,0.08668187214084686,9
Ireland,2020-03-22,2020-04-16,2,1.2739365164704703,1.0581907841024742,0.9301382076314558,0.044860052884760124,0.005179331527884786,0.003977399268764462,0,169.360399908877,1776.0360768907449,1190.1598203350927,24647.247424936,1327.0181422723635,0.022179329898665747,2
Ireland,2020-03-22,2020-04-17,2,1.2981034405987326,1.051288979015187,0.9277169778096663,0.05057888148533649,0.00550644127691146,0.0047964613387345145,0,193.74935234308333,1833.6733803415482,1168.0758860567419,26953.934734164464,1331.9604797430643,0.020281247881734958,2
Ireland,2020-03-23,2020-04-17,2,1.2722379596131463,1.0505879434462269,0.927934472676717,0.044163066398446665,0.005570513060969362,0.004781854641367793,0,200.81491464722922,1828.5491252293937,1054.4681015115164,7398.996122961937,1331.5497230870806,0.07388291906725028,7
Ireland,2020-03-23,2020-04-18,2,1.293892768659926,1.044074377038886,0.9258124789480657,0.051765681823817133,0.006156487497134549,0.005991979172380878,0,226.33546280866213,1879.6367981183305,1777.4963843867554,54202.26883910069,1336.1285602699563,0.010085545189159013,1
Ireland,2020-03-24,2020-04-19,2,1.274253428771436,1.0361626619770348,0.9241196768208214,0.047484697089965125,0.006649579865261198,0.0072542961710754614,0,267.8521126437013,1921.3824875790983,1415.526205608558,3707.455914589318,1340.6815179574855,0.14744866677457172,15
Ireland,2020-03-24,2020-04-20,2,1.2852083235058163,1.0324169332606006,0.9225203435662498,0.050635763680832724,0.006829119836558575,0.008135746499447137,0,284.3903140258678,1960.4232034544116,1764.4478749005825,26314.163129665405,1342.7393148846627,0.02077434228244242,2
Italy,2020-03-05,2020-03-20,2,1.2998428884061257,1.1376669666533863,0.9721710615347187,0.09551717689132663,0.010410714202408966,0.0023253429810966724,0,500.96142229421235,7292.085888838736,15483.159235108125,309150.4006640137,1486.5390850143083,0.01305936233664749,1
Italy,2020-03-06,2020-03-20,2,1.284794690160998,1.1359155072360616,0.9721623555703063,0.07718352414136112,0.010506825285250848,0.0022975195692523254,0,574.3758877244039,7293.986466328671,12204.368231056951,166825.3656358595,1485.9630908487131,0.024200798741862754,3
Italy,2020-03-07,2020-03-20,2,1.2733582021206917,1.1342632362828757,0.972148424308102,0.06489933945910287,0.010600941121226747,0.0022728821256653904,0,644.8442616241157,7297.225571008951,10832.457453689532,109382.72176350754,1485.3985614993655,0.03690991624362776,4
Italy,2020-03-07,2020-03-21,2,1.289426924167264,1.1168432099232122,0.9701468362407589,0.05427165689592074,0.007810195345436522,0.0019174871981542752,0,800.0980992354237,7697.908286158063,13907.847525156707,359920.62447716447,1482.429337718193,0.01121721519753379,1
Italy,2020-03-08,2020-03-20,2,1.260380403891956,1.1313286029486571,0.9721848193269685,0.05207908759453593,0.010867426774579214,0.0022697989088071775,0,759.211744949427,7289.676905865423,7942.540260576879,12280.813951416872,1484.3922633851575,0.32874914600634486,36
Italy,2020-03-08,2020-03-21,2,1.2686727799046071,1.1142591769526689,0.970226969191955,0.04271479284167096,0.007831593736274189,0.0018872011583244063,0,908.4152261662525,7680.953667282787,6254.030913293,18692.8674009384,1480.8912801013653,0.21598115538916332,24
Italy,2020-03-09,2020-03-20,2,1.2446458324757708,1.1289054469375692,0.9722155117988499,0.04212440079131247,0.011144479932164511,0.0022676144290960996,0,853.5853433442361,7283.356831761578,8044.30599223027,124806.6953470977,1483.6349719031552,0.032348481686523455,4
Italy,2020-03-09,2020-03-21,2,1.2489768471282132,1.1118790392296185,0.9702862078051677,0.0338284695973787,0.00783506265983784,0.0018492011284882142,0,1011.0963332521374,7668.932859661235,7173.9739661811445,166726.48941237986,1479.4253584599833,0.02421515089186135,3
Italy,2020-03-09,2020-03-22,2,1.2682543393661903,1.093347024874563,0.9688691297934945,0.03457536611679285,0.007172869015121155,0.0018757920320847446,0,1289.941444375751,7959.218107029243,5073.949122194779,13271.464348982337,1491.6478255144723,0.3042096179161032,33
Italy,2020-03-11,2020-03-19,2,1.2261813912021537,1.1394497148321108,0.9748850471797551,0.042120724293638286,0.020407450718407473,0.003056772501718824,0,880.2397834795679,6757.337759348145,14569.371999599036,443214.1990280649,1502.6067026588178,0.009109155590332192,1
Latvia,2020-03-19,2020-03-24,2,1.2726574829807746,1.0952586884509516,0.9704165789073741,0.048433019189199775,0.03715050046899204,0.003067953294856258,0,12.595314411617434,35.06689412946139,39.87047575643662,82.11783695684561,655.9971351932153,0.12062109537734302,4
Latvia,2020-03-19,2020-03-25,2,1.2724346510890494,1.0818617691221102,0.9698191197625082,0.04601905320871167,0.030854400617134736,0.0030659734419869536,0,13.530674619652686,35.60307654349427,37.04833705704999,29.76029244075858,655.0347415402622,0.33283085048542954,12
Latvia,2020-03-19,2020-03-26,2,1.2683592559711436,1.0709204518195496,0.9686936063821996,0.04346172146426249,0.024868768435636106,0.003134072785092757,0,14.018155094763163,36.61028793641752,38.22829905556507,122.54529547049,652.9141312894004,0.08082842679291613,3
Latvia,2020-03-19,2020-03-27,2,1.2664291907409317,1.0622807462962796,0.9675951145660613,0.04147763142016752,0.02098713583103791,0.0032075830519941537,0,14.494539555570302,37.59783369774357,40.69557380824417,193.67078078389437,651.1752430041275,0.05114423251489513,2
Latvia,2020-03-19,2020-03-28,2,1.2694733905249784,1.049120072904699,0.9661928938532772,0.03988688354419841,0.017223327266727317,0.003423180847933898,0,15.645085551039836,38.86469568543795,46.47661785693662,310.02507496047195,650.1095816093706,0.031949491327485945,1
Latvia,2020-03-19,2020-03-29,2,1.2741328709444988,1.040819264883285,0.9654301616770824,0.03966355222296603,0.015587040352463997,0.003624114028600724,0,16.565266030346173,39.55894250823799,45.42968694456205,161.69516945418152,650.1433747285506,0.06125812834847569,2
Latvia,2020-03-19,2020-03-30,2,1.2907802432156306,1.0256405177474142,0.9651860549231812,0.039977656019867844,0.013559555553792336,0.003950273965873383,0,18.824920508243355,39.80261910825218,43.82494284343325,52.15339167339717,652.6360919200838,0.18992328448708112,7
Latvia,2020-03-19,2020-03-31,2,1.3016941056222977,1.0173659215722568,0.9652089720053637,0.04071081121750901,0.012575017293765894,0.004224838876714431,0,20.187301067552905,39.79831410470469,48.395134368377235,347.7914304745916,654.272763658167,0.028480125085992916,1
Latvia,2020-03-20,2020-04-01,2,1.2695981079284189,1.0081733818747884,0.9656473602707338,0.03483141229620278,0.01269971388873471,0.004438635308141999,0,22.482526440612226,39.40788303902593,48.91395531640731,161.97285972511764,655.7310433306309,0.06115310590035075,2
Latvia,2020-03-20,2020-04-02,2,1.2888007902341736,0.996202810100415,0.9670555356163337,0.03482745544988715,0.01097175989928649,0.004771864293454227,0,25.16342629150324,38.163110711403505,47.37220029033089,236.90133996330547,658.6478184326371,0.04181125968002976,2
Lithuania,2020-03-16,2020-03-22,2,1.052499990599026,1.8445781619979111,0.9637559640093301,1.0124091535790114,0.218326483069104,0.008360230983764028,0,-9.50493805678662,63.603304376265605,256.1683590456609,2133.2295047029693,581.2813404120669,0.032169807954220385,3
Lithuania,2020-03-17,2020-03-22,2,1.1753880701590198,1.875810640160239,0.9635921027300933,0.7443160890012009,0.23890812053894622,0.008340112811756393,0,-11.907183690020727,63.80695491668138,180.6508750787616,225.860427237498,581.1806429683934,0.3038406697797027,24
Lithuania,2020-03-18,2020-03-22,2,1.2913945322850413,1.9264004223912523,0.9633898458668803,0.516895890819428,0.2694950049124948,0.008333000053279596,0,-15.875147252655278,64.0547305988676,268.2903935582688,4943.78606946733,581.0189743538467,0.013881179833488484,1
Lithuania,2020-03-19,2020-03-21,2,1.2631457207428705,3.320189882966611,0.9668938081224809,0.5451567665285487,0.7620837306198306,0.008344278709074782,0,-55.54019238004099,59.771315287321386,235.8716511763886,2037.20887867889,582.5151647106987,0.03368608109202539,3
Lithuania,2020-03-19,2020-03-22,2,1.3217151076242493,1.9344357074351377,0.9633914682938537,0.4854399265696087,0.2804153017613619,0.008329712476831747,0,-16.54345619489399,64.0532156538326,171.98328779443673,608.649429842821,581.0307231498633,0.11275059192332312,9
Lithuania,2020-03-23,2020-03-24,2,1.3858793467724122,1.1201338257996911,0.9615521891935018,0.12645836559179793,0.5390260066662411,0.008905077397286784,0,38.00160949909912,66.387722451607,155.57353600373946,316.70060588199806,583.6044885029507,0.2166891449337515,17
Lithuania,2020-03-23,2020-03-25,2,1.3272847903527196,1.213901302157109,0.9590481226700273,0.12215445886004465,0.2970360482651364,0.009203564195440304,0,16.213838811972334,69.47815332477242,324.27920352749356,5435.134655685755,582.9662985037213,0.01262628947321134,1
Lithuania,2020-03-23,2020-04-12,2,1.3548833420662374,0.9869571029128156,0.9195917885311176,0.05975567294127159,0.014295005843733182,0.022307696811861663,0,52.61345219893931,121.73026475456155,316.46397413115943,3520.959085635055,579.9040867062431,0.019490593846589275,2
Lithuania,2020-03-23,2020-04-13,2,1.357109107683667,0.9857014222792265,0.9166876023779158,0.05909974369796519,0.01373019226625121,0.023607799752861987,0,53.11129901283499,125.78285136891519,301.97506266552136,3148.23560228163,579.8785659984985,0.02179810921356584,2
Lithuania,2020-03-23,NA,1,1.400543681270204,0.9627065050057241,NA,0.09191466906813173,0.00846744978653721,NA,2.3467594258938558,64.95747563171447,NA,159.71109819281756,294.4450602551433,583.6239486504985,0.23306753195012198,19
Luxembourg,2020-03-14,2020-03-18,2,1.2734279564349618,2.4768164706875235,0.9614153945804483,0.7360820965727124,0.29190563745055315,0.006593026365190407,0,-40.915209484587095,171.24094117040346,609.3356636599847,2623.3011218097527,802.7305747371576,0.2869785042112257,9
Luxembourg,2020-03-21,2020-03-22,2,1.3849224851376727,1.0210440712738416,0.9451054551360838,0.03924201427276396,0.1057135795548231,0.004372110320705325,0,176.11715231009418,226.9960251223919,518.0531175460546,19648.177046294735,773.8225872064062,0.03831556638861632,1
Luxembourg,2020-03-21,2020-04-07,2,1.3809613842658894,0.9620358900902656,0.9134382107910917,0.019056432972291617,0.005295427896230697,0.009403137714282713,0,202.75993918100195,340.9231414285535,681.2758873381547,23987.763906028722,763.2037181146238,0.03138396038004143,1
Luxembourg,2020-03-21,2020-04-08,2,1.386236033386916,0.9588579910719353,0.9130923508354658,0.019919263616003272,0.005259955206174474,0.011012231395510842,0,206.85097248045062,342.77492398276496,541.1736689628787,17307.75393126058,766.0440006743071,0.04349674920400039,1
Luxembourg,2020-03-21,2020-04-09,2,1.3888059553733378,0.9573672040703747,0.9130033387613401,0.020351351328509616,0.005227782186428721,0.011985289634967004,0,208.81635563063418,343.41632297824503,469.4535961006468,14097.421194001085,767.2521222803907,0.05340203869009373,2
Luxembourg,2020-03-21,2020-04-10,2,1.3915631079533002,0.9556987461449991,0.9128232426143514,0.02093532259225489,0.005194041582264775,0.01347038051082579,0,210.95835111521777,344.515544613185,406.7419835929051,11192.178731296886,768.5606500299141,0.06726402875674586,2
Luxembourg,2020-03-21,2020-04-11,2,1.3962182023917467,0.9530343802908328,0.9152329637629885,0.021679481990947484,0.00508734151807209,0.01578962781137946,0,214.50096989684232,336.3349353660846,308.0441661134744,7136.18118528777,770.6697272343574,0.10549494365202766,3
Luxembourg,2020-03-21,2020-04-12,2,1.397878977655789,0.9520531729393745,0.9163172875064214,0.021968379987865477,0.005023477349241689,0.016936912180415837,0,215.7796894827446,332.63603484850125,272.45447096232783,5768.041683573295,771.3402608959849,0.13051761296673142,4
Luxembourg,2020-03-21,2020-04-13,2,1.3981539660192341,0.9518833511529207,0.9163603916219254,0.022018470622272406,0.005007928939541798,0.017224478354958224,0,215.99497759529567,332.54580781649133,261.93069467924386,5385.305308277145,771.4428478079466,0.1397935658124158,4
Luxembourg,2020-03-21,NA,1,1.3979774818015986,0.945970349243924,NA,0.026505674721839248,0.0039847569644890345,NA,5.395746973068285,224.16719913098285,NA,285.71540446134975,7284.073166345152,773.7846784890709,0.10335302993810165,3
Moldova,2020-03-12,2020-03-30,2,1.1533110532098891,1.2495529483474472,1.018461703259676,8.274855514900961,0.12100763182371713,0.0034144582387455836,0,-0.2887256854126744,60.48827177267111,505.11653478079694,9105.065049762436,1009.9835913565053,0.03712660698487981,1
Moldova,2020-03-12,2020-04-05,2,3.0851900252454456,1.1028226777059047,1.0171408087221427,7.200526875145584,0.03960202276313986,0.0036910228353572144,0,5.9471020426186225,70.37986751840769,457.17564821184163,2464.217356541801,1009.3731964962819,0.13717952711309897,4
Moldova,2020-03-14,2020-03-30,2,1.2418306555070415,1.2485895706711785,1.0184625853016256,4.5122119698228556,0.12975544372906125,0.0034155726239658585,0,-0.040553490984821305,60.48284366120759,466.2070259131819,2472.268318715543,1009.9837197331917,0.13673280085145548,4
Moldova,2020-03-15,2020-03-30,2,1.24285039543946,1.248714322034587,1.0184621014760422,2.318205621483755,0.13488947800322323,0.003416267632441101,0,-0.07036711914152427,60.485966887755744,466.38498438842385,2471.6539468559163,1009.9837158951257,0.13676678812756182,4
Moldova,2020-03-16,2020-03-29,2,1.2004835418884203,1.2795342384523094,1.0187521710483871,1.2432023913661858,0.16410409244794336,0.003429817248927028,0,-1.8181660209694464,58.42249154933659,488.36499008407225,5766.091075582711,1010.3545599466518,0.05862553456808403,2
Moldova,2020-03-17,2020-04-06,2,1.5171853555203672,1.0865333444482899,1.0172148396313343,1.0146267736323509,0.03671571770934206,0.003770058010911428,0,9.90499625465778,69.79618441650737,430.08869227118333,2187.148146940028,1009.7423578739163,0.15455751003755128,4
Moldova,2020-03-21,2020-03-28,2,1.2187539991934637,1.343244922815055,1.0190480247593343,0.5125758991763094,0.283106967134123,0.003455299354869546,0,-8.216400959025021,56.298781754063405,546.6132732490491,7763.801184285121,1010.7737663492458,0.04354054974495348,1
Moldova,2020-03-22,2020-03-27,2,1.2340356501613585,1.4094158380114739,1.0192364459112202,0.4414397131679555,0.39468436898686754,0.003465535253878998,0,-14.030415028009234,55.03133737373569,543.3535500450014,5367.278385489395,1010.9432402055104,0.06298167290673747,2
Moldova,2020-03-30,NA,1,1.2495529483464958,1.0184617032597043,NA,0.12100763032813071,0.0034144582253597027,NA,-0.288725685339513,60.488271772486684,NA,524.0551803729071,2635.415513914088,1009.9835913565053,0.12826826353930115,3
Moldova,2020-03-31,NA,1,1.2347518288259787,1.0181111690229319,NA,0.10480989583442633,0.003401085849468512,NA,-1.5904656590636488,62.9684509622443,NA,421.4965039818465,3243.5017425838832,1009.5147547953827,0.1042207461263766,3
Netherlands,2020-03-20,2020-04-06,2,1.249670809282674,1.0404965048705286,0.9625022959275462,0.04379017660947978,0.009700551571666115,0.004544313681561916,0,514.5687888538777,1906.8434126950579,1425.132458976487,1519.9577774818104,1226.6556149895482,0.41434874004523964,17
Netherlands,2020-03-20,2020-04-07,2,1.2554260924392704,1.0369685284632926,0.9611588677557907,0.040760270717518976,0.008649710817732444,0.004420670181478641,0,537.4056073809056,1962.8546576640633,1634.3130136306452,13340.24726803421,1226.8894815754868,0.047209963756118266,2
Netherlands,2020-03-20,2020-04-08,2,1.2549822130224078,1.0358109585756627,0.9594281921859279,0.03916114262747166,0.007941205023685113,0.004307445826816002,0,539.1612859389924,2034.735851850002,1588.630678434906,14564.072409001425,1224.543009888978,0.04324289061020482,2
Netherlands,2020-03-21,2020-04-07,2,1.236888480837378,1.0321344969244266,0.9618270894812383,0.033053340103557136,0.008827068218574936,0.0043425247158515095,0,613.033427835376,1935.0236099896447,1558.3828460393268,21297.16593999632,1223.4867576089505,0.029571661872568364,1
Netherlands,2020-03-21,2020-04-08,2,1.23562095091977,1.0313647629097646,0.9600880376144773,0.03138636708142303,0.007997974698625353,0.004199016219036656,0,611.5430269019556,2007.1413081836854,1531.4823235643205,24459.96153711263,1221.0188327152748,0.025747897807033696,1
Netherlands,2020-03-21,2020-04-09,2,1.2353359749504487,1.0300311258100396,0.9579672647099189,0.029485699333547163,0.0071536932397010915,0.004068867043033614,0,614.6827183263845,2095.5230000727665,1521.0755091894603,25334.83329877244,1218.2822316134616,0.024858761950174998,1
Netherlands,2020-03-21,2020-04-10,2,1.2367077375013138,1.0278183787834865,0.9555016678138997,0.027737150223209744,0.006361696212052049,0.004015231319639935,0,625.4147400011743,2199.1710041213246,1488.8472499234715,20957.416853745995,1215.580243475162,0.03005105993818984,1
Netherlands,2020-03-21,2020-04-11,2,1.2400969972418676,1.0248844768203575,0.9530324460150961,0.026494611443222453,0.005735177509444114,0.004077954758545154,0,644.3462861420006,2303.912641651127,1393.440937037314,10130.207371786055,1213.9127106304063,0.062169762859505234,3
Netherlands,2020-03-21,2020-04-12,2,1.2479574576863306,1.0209139735316721,0.9512234077849209,0.024883194638355477,0.005131291113111467,0.0041298514769758715,0,679.7681915590473,2381.1239731344876,1306.7171472054567,2326.6694650335444,1216.189021757339,0.2706841687168791,11
Netherlands,2020-03-21,2020-04-13,2,1.252197895822406,1.0181179286047528,0.9495022394093013,0.025707700628281354,0.005029871657137193,0.004534212634709853,0,700.835421849654,2456.505061293669,1541.4206793337837,12084.648812572892,1217.16524189339,0.052115092444086034,2
Norway,2020-03-11,2020-03-20,2,1.3291651044720432,1.097348012664208,0.9647662622316053,0.11439610327715329,0.04449190067253885,0.005599309835642416,0,92.72683672313411,324.214572978458,560.850836661469,2339.1561672704665,885.1788050224509,0.1595927587130449,18
Norway,2020-03-11,2020-03-21,2,1.3083778337749155,1.0968296184292328,0.9622352302368992,0.09844228393158774,0.03450677644330155,0.005174260998601576,0,84.61928613827314,342.2329451383995,645.7587387030019,14419.72319050206,882.7811478653376,0.02588901193618049,3
Norway,2020-03-11,2020-03-24,2,1.295118405213172,1.0749315504717458,0.9531445995653502,0.055800737168375886,0.014242988672044994,0.003884304744250519,0,88.07474189657043,407.2783402222333,985.2154132702614,41388.85147725532,871.7164657581172,0.009019636266072162,1
Norway,2020-03-11,2020-03-25,2,1.3025948716236386,1.0666307823842653,0.9503745162034727,0.046818008357601894,0.010986374519077571,0.0035592723725497506,0,94.38563569574936,427.22732577135855,819.3892062744565,33961.206810255884,867.4359232688478,0.010992318025712518,1
Norway,2020-03-11,2020-03-26,2,1.3101406947885041,1.0599773315211922,0.9477483858180131,0.040756465837521835,0.008927728982229655,0.003352888064080443,0,100.06534530692485,446.1794138555289,645.194162732941,25580.85763711809,862.5247470813689,0.014593427284222336,2
Norway,2020-03-11,2020-03-27,2,1.3253502271699924,1.051140955949675,0.9447138899526324,0.03670083766109941,0.007411337966245447,0.0033443935089716185,0,109.68370848812694,468.23649383216355,411.0342257675961,13155.185597118514,858.6565024262258,0.02837758411231356,3
Norway,2020-03-11,2020-03-28,2,1.3546894008777381,1.0385819997324333,0.9417787656012941,0.036307183873582956,0.0065894007311265365,0.003766073717364115,0,126.44296045812187,489.9391046205494,178.42357343202886,657.7539216916326,861.7997143883066,0.5675563056092918,63
Norway,2020-03-11,2020-03-29,2,1.3741941542694909,1.0311220343458598,0.9400524308913037,0.03821170789638897,0.0064698143359272,0.004308583684200344,0,137.2288479694524,502.8733058394954,212.30405763855666,2525.859052283544,865.0732380128302,0.14779620638682406,16
Norway,2020-03-11,2020-03-30,2,1.3944040652395013,1.0240859342364954,0.9384785013460304,0.04111004071246447,0.006497736577742295,0.005053052109424878,0,148.12725240120233,514.8694949039545,477.9026950436133,15900.14576622306,869.024581112515,0.02347855115821391,3
Norway,2020-03-11,2020-03-31,2,1.404339876077212,1.0206629458553185,0.9372298537882668,0.04288075752077565,0.0065174027192244615,0.005556761380554013,0,153.4707720887574,524.3308663268018,763.805290886484,29384.95701139117,870.3629651112792,0.012704200508124304,1
Poland,2020-03-14,2020-04-03,2,1.6346114974785952,1.117089381174241,0.9942910605163374,0.23534906931218386,0.008713949128926594,0.0023460515667318876,0,35.19150390869609,396.95535656688,59.82363851406551,65.27509353454258,641.3477871647807,0.22384853529421117,16
Poland,2020-03-20,2020-04-03,2,1.2467708549647918,1.1119266418992704,0.9946041831302201,0.05296385263794218,0.010585516798995193,0.002366034765786353,0,47.86969563826012,393.50165917188195,90.21507819467358,811.4921777393808,641.2451755261833,0.01800600730324316,1
Poland,2020-03-21,2020-04-02,2,1.2106970528303223,1.1298215852706663,0.9962468458759351,0.05285503103616548,0.014801982147329662,0.0025178766900026206,0,34.37207371285372,375.5219581269974,85.77830970077177,255.98608489209224,643.8691827771223,0.057080188890186685,4
Poland,2020-03-21,2020-04-03,2,1.2292468024311791,1.111000524739953,0.994646299490579,0.04550189974121197,0.011076499399904296,0.0023825918933668097,0,50.254668018771085,393.034215603427,64.97535872474263,262.0522567975654,641.3215229000253,0.05575885610551146,4
Poland,2020-03-22,2020-04-04,2,1.2287610724083007,1.0917294273029512,0.9935096503988836,0.035684037706979005,0.009785587832568832,0.002504203319329256,0,73.44896177646726,405.7264670429284,44.930216808259985,60.757626553065975,643.1213326806978,0.24049218028847846,17
Poland,2020-03-22,2020-04-05,2,1.236939705300888,1.0844238367640515,0.9927415324138561,0.03616183895722974,0.009233781601137529,0.0026531879775116545,0,81.74850553574436,414.280223413903,69.83611348393256,496.423842866669,643.1077703908269,0.029433989299390787,2
Poland,2020-03-23,2020-04-04,2,1.213178249744401,1.0902064938812672,0.9935908985771074,0.03106401287058861,0.010328438030207466,0.002528404210645059,0,77.96409321722686,404.81465213119986,78.77980757362192,797.4454630078556,643.2116902069214,0.018323176639298343,1
Poland,2020-03-23,2020-04-05,2,1.2198093096443452,1.0827909148812154,0.9928466395688397,0.03133863846212366,0.00967766446113341,0.0026679821728227316,0,86.86966227982441,413.0975488378108,50.76813016810196,91.40371054514466,643.1062623706906,0.1598593097780554,11
Poland,2020-03-24,2020-04-05,2,1.2053995322774271,1.0807365291150242,0.9929718173097682,0.02732985641641694,0.010259360512446084,0.0026895234634696052,0,93.3725893686397,411.69519908630326,87.09483185932874,1030.5634989204636,643.099796906593,0.014178392786282534,1
Poland,2020-03-24,2020-04-06,2,1.2185178143475879,1.0675287437520555,0.9920020146276416,0.028357780054124697,0.009320840640091137,0.0030342598409932946,0,113.0908138760537,422.9014567443997,66.52530752860267,79.83709368375891,645.4122720848757,0.18301936361534193,13
Portugal,2020-03-17,2020-03-28,2,1.368357738188277,1.2018149460977776,0.9716190540355143,0.21502191064566573,0.025505483128373033,0.003610171346999496,0,55.1256641819553,1037.6017315036952,724.0214218533105,1359.9081779644055,916.1358837877124,0.1026070120199737,4
Portugal,2020-03-19,2020-03-28,2,1.332909804176485,1.2007405216849685,0.9716469578591075,0.16662940008932836,0.027084818843075474,0.003624442552905188,0,59.211838556199424,1036.9831689649743,780.1541277160238,4037.8130734454767,916.1473325198269,0.034557348798563314,1
Portugal,2020-03-21,2020-03-31,2,1.3363307963634548,1.1060118890625568,0.9679178367392051,0.07041999898990105,0.01844403750744965,0.0037549134106602904,0,234.9252854469159,1119.8319727349538,716.8393421480042,5723.567588720151,915.6350476239011,0.024379220232752765,1
Portugal,2020-03-22,2020-04-02,2,1.3381801113598928,1.066838259054308,0.964830344314574,0.05171889581886761,0.013515825182942219,0.004000463328392375,0,347.3175709511486,1188.984875468692,639.7752149131718,1789.38543550938,915.2781173098388,0.0779799097463498,3
Portugal,2020-03-22,2020-04-03,2,1.3513750692329718,1.0567685498167432,0.9634608221017875,0.05041804199352722,0.012010048506836724,0.004193889068538101,0,377.09634485277263,1220.0383570296824,742.8332551796783,5544.528351538386,915.3955178671536,0.025166453468262732,1
Portugal,2020-03-23,2020-04-05,2,1.3333216284789151,1.0359727164882817,0.9620819802753685,0.04090597281836751,0.010636558329775676,0.0047324611852018,0,475.7582591850133,1253.384367089712,618.4876938830262,593.2133719977049,916.3848988112939,0.23522078454258802,10
Portugal,2020-03-23,2020-04-06,2,1.3420588403087292,1.0302674586510627,0.9609279007872202,0.04031982321793405,0.00975730994343797,0.0050029936367480925,0,498.8662106522663,1280.8777442406822,726.3541254478471,4413.814684928041,916.9029738108029,0.031613496424970355,1
Portugal,2020-03-24,2020-04-13,2,1.3304905025415101,1.0016267471874605,0.9518909019802905,0.029625032291754953,0.006435415570593908,0.008036749456671967,0,677.4593360293424,1502.3283287902575,784.517191532724,631.4805552127281,919.1245837642196,0.2209666055599265,9
Portugal,2020-03-24,2020-04-14,2,1.3324990342424332,1.0006610679008874,0.9510118158564109,0.0297376864558667,0.00631856923799648,0.00840519264707382,0,683.5862106635841,1524.3466447847477,803.2308354166807,757.2347466543233,919.3278615932513,0.18427061803352818,8
Portugal,2020-03-24,2020-04-15,2,1.3349234913149262,0.9994881739960607,0.9493423611904189,0.029857234768962734,0.006155871392816911,0.008998738781802953,0,690.9967536768627,1565.9408955097024,875.2121290617206,2206.503978570638,919.4710019832216,0.06323855117308469,3
Romania,2020-03-28,2020-04-04,2,1.1817413276405577,1.081209117187386,0.9872919145000674,0.02565438735973785,0.02135643351830561,0.0017945855993966747,0,129.8876159054979,428.8260720592333,337.87892161785476,798.8278361025029,1048.374340674688,0.09355006747444693,6
Romania,2020-03-28,2020-04-05,2,1.1868703132391687,1.0628766247732098,0.9869332319369354,0.02356447610175263,0.016224201224050442,0.0017678352374036975,0,160.19984549801882,434.5833238154779,346.71227054257207,2295.0432753935233,1048.2673318310926,0.03256165091485772,2
Romania,2020-03-28,2020-04-08,2,1.1875222427900456,1.0476264873556356,0.9856976272240271,0.02044745609014639,0.010793016623022266,0.0017254926832900406,0,180.74531602125762,454.2850912225723,352.9305817896638,4364.382627324385,1044.3359610208347,0.017122787882983936,1
Romania,2020-03-28,2020-04-09,2,1.1881391096128822,1.0430745205723757,0.985137623303603,0.01922294330203801,0.009281037657967938,0.0016986431425145248,0,187.42344904033416,463.261016936961,337.74120681313616,4510.933310213345,1042.6827713260943,0.016566504718359756,1
Romania,2020-03-29,2020-04-04,2,1.1763498135909736,1.0760201425854876,0.9873470984952367,0.023660971061491152,0.023982416489147906,0.0018337369690723374,0,145.6786822999657,427.9249816392339,339.36231258383435,574.8023998208157,1048.3841497396224,0.13001058797101653,8
Romania,2020-03-29,2020-04-05,2,1.179989669497275,1.0578209446981184,0.9870184098426746,0.021788888038176475,0.017956618597418424,0.0018116768852099597,0,177.3889884083752,433.19854684109384,318.6889089927659,565.4936902861955,1048.1785696525428,0.13215071936529413,8
Romania,2020-03-29,2020-04-06,2,1.1803020874075483,1.051712526760685,0.9867288557970909,0.02088664704822086,0.015542701965890339,0.001804910971950571,0,186.71204205924533,437.80894666257285,311.9613133067561,872.4956590428571,1047.4157746688752,0.08565131206479139,5
Romania,2020-03-29,2020-04-07,2,1.1790393514755908,1.0491717585111582,0.9863826869825426,0.02014971925748774,0.013981099399226206,0.0017945529695257117,0,188.5677449843562,443.3030081759495,303.25606565102066,913.4953271472015,1046.0818413081597,0.08180709385918233,5
Romania,2020-03-29,2020-04-08,2,1.1784091569003015,1.0441559065294261,0.9857929910558969,0.018878275961643418,0.011707984913807506,0.0017698036895597436,0,194.9357195385108,452.7247171850892,264.65909788439626,428.88896788068513,1044.297268996971,0.1742418284553433,11
Romania,2020-03-29,2020-04-09,2,1.1783079236473741,1.0400126651114991,0.9852406162571975,0.017754011910139013,0.010022013100587509,0.0017437181139904002,0,200.80471539409058,461.57443998942097,243.877407221209,316.20210349052064,1042.6737211195173,0.236337447293724,14
Russia,2020-03-23,NA,1,1.4030986586005074,1.0022090002137929,NA,3.0649536249783447,0.003195184106073147,NA,3042.5080455640755,3189.634550192,NA,5229312.06430085,446662396.7569211,2755.4194683119017,0.05157850110085159,1
Russia,2020-03-25,NA,1,1.5624629988464172,1.0023007716226702,NA,2.3213864141883565,0.003178085305826483,NA,2865.9145043828667,3143.1948068586216,NA,2381632.1423852923,198755355.76781094,2755.385207685083,0.1159122320696073,2
Russia,2020-03-26,NA,1,1.3393605309207226,1.0021941675502328,NA,1.596349638421884,0.003171597230456584,NA,2941.514460597673,3163.3699276954553,NA,3921213.9590770095,334754313.66360235,2755.3909643635243,0.06882115026600415,1
Russia,2020-03-27,NA,1,1.3266404721867806,1.002135662998098,NA,1.2125982233263592,0.003173753097764485,NA,2955.821697292047,3228.40573701054,NA,3523351.2252711784,300546144.4719596,2755.3638374371762,0.07665437519856551,2
Russia,2020-03-28,NA,1,1.3249756705011801,1.0021159837153875,NA,0.9923201610472734,0.003161433461422024,NA,2960.462122471955,3294.9447579820358,NA,3003146.430850634,255732375.39798644,2755.3312894328383,0.09008705638847031,2
Russia,2020-03-29,NA,1,1.2929175144983263,1.0021097178483538,NA,0.8266046734578324,0.003153499426062308,NA,2939.478339389004,3307.059394354569,NA,2984869.14666928,255067235.4548436,2755.3134360192366,0.0903219767986017,2
Russia,2020-03-30,NA,1,1.2511907329061538,1.0021075677073772,NA,0.6919233651710349,0.0031501670568766333,NA,2914.4510886610806,3296.5446640760038,NA,3254067.908478903,279656921.51549304,2755.306314669365,0.08238014206117028,2
Russia,2020-03-31,NA,1,1.3162791756418573,1.0020583658234121,NA,0.5895269448123877,0.003112217668375237,NA,2830.064929266839,3406.9743360935045,NA,1653999.2329926046,139151315.3574011,2755.1525781961445,0.16556204922435555,3
Russia,2020-04-01,NA,1,1.2107044665846889,1.0020745224569039,NA,0.4499245539535661,0.0031246790988603695,NA,2891.0036218675887,3378.571801294222,NA,3291572.522166748,284734384.15224576,2755.2229342825176,0.08091111648292357,2
Russia,2020-04-02,NA,1,1.2761894123498563,1.00199882927852,NA,0.3878759198425468,0.0030711230023025317,NA,2772.8255783425434,3534.2528275316445,NA,1526793.8402884938,129594394.09136356,2754.9414701786136,0.17777140040945008,4
San Marino,2020-02-29,2020-03-20,2,4.488048704141315,1.076245811844552,0.9838883233151943,3.4180271382335023,0.037647704920736,0.007388994842217754,0,3.411802892296763,14.402344027290319,149.20754046491555,231.70284854635528,700.1547375457336,0.0791971325300796,1
San Marino,2020-02-29,2020-03-25,2,5.466208591507705,1.0419245471282557,0.9816450686411619,3.254120005975368,0.024157633691287306,0.008492888539700634,0,4.4242840443794496,15.696546521465988,150.29536834703345,313.16587509704755,700.8004105216778,0.05859578792943542,1
San Marino,2020-02-29,2020-04-05,2,5.789036666095989,1.0295085220133195,0.9773614878715499,3.0757823385990095,0.01754192009512392,0.00984749375708067,0,4.75952814408267,18.265609986801017,138.29666116273944,224.69348527292166,700.5623046696961,0.08166770470284784,1
San Marino,2020-02-29,2020-04-06,2,5.673822165877674,1.0300201196863354,0.9761629300503714,3.0285057470522108,0.01696815502554745,0.009945360003264537,0,4.643802046191338,18.969814489357795,131.6298603065901,174.29421379359377,700.2098316625935,0.10528290529284985,2
San Marino,2020-02-29,2020-04-07,2,5.673822165877674,1.0300201196863354,0.9761629300503714,3.0285057470522108,0.01696815502554745,0.009945360003264537,0,4.643802046191338,18.969814489357795,134.73878238634578,249.76428805113812,700.2098316625935,0.07347007591479826,1
San Marino,2020-02-29,2020-04-08,2,5.352561772901821,1.032022612090726,0.9730980168084485,2.9450821341100024,0.01605931398491519,0.010214039990779874,0,4.320539160811095,20.76050124456652,118.83804308443996,125.82408296020849,699.1989185303164,0.1458401346721983,3
San Marino,2020-02-29,2020-04-09,2,5.352561772901821,1.032022612090726,0.9730980168084485,2.9450821341100024,0.01605931398491519,0.010214039990779874,0,4.320539160811095,20.76050124456652,122.45036790160209,160.42259440353754,699.1989185303164,0.11438663781838208,2
San Marino,2020-02-29,2020-04-10,2,5.429541037096262,1.0285936653386019,0.9653340711903997,2.6790660541283615,0.012967675302584117,0.011479670905215041,0,4.40094737175766,25.466392223108983,96.65844341904486,224.74868226903408,698.0905820845098,0.08164764757978274,1
San Marino,2020-02-29,2020-04-11,2,5.559955685731488,1.0270229472903645,0.9643376212579735,2.636315857316019,0.012412513069289331,0.011743008919868696,0,4.532932738441124,26.0966848935836,92.11470905344619,155.06836140114223,698.1618439679244,0.11833620371116846,2
San Marino,2020-02-29,2020-04-12,2,5.64483915158198,1.0258300619084642,0.9627522869559376,2.5978941759889125,0.011878419739315872,0.012097202676113725,0,4.619009089673516,27.074696972772987,87.85212398902009,129.6139955556285,698.0321999408127,0.14157576984845754,3
Serbia,2020-03-29,NA,1,1.1749999019785706,0.9901042673032007,NA,0.20051747115602572,0.009384522840633059,NA,82.16406075425036,204.01028400531914,NA,6625.50552619759,234450.56360275057,1085.3849270043947,0.007181380559701422,1
Serbia,2020-03-31,NA,1,1.1872625703580004,0.9882594157062986,NA,0.16941525961507706,0.00918532700099295,NA,68.66425860267672,224.88173500426277,NA,2921.2366427813704,32992.70105104868,1085.113938415447,0.051031854502082925,10
Serbia,2020-04-05,NA,1,1.2032530033454873,0.9734781381760232,NA,0.03480599128194543,0.004901009828850729,NA,4.910479419445248,378.0648604546549,NA,8401.00017554821,336546.0451440122,1075.7518420513984,0.005002818318507852,1
Serbia,2020-04-06,NA,1,1.1821249314162223,0.970490742883864,NA,0.02573291437065042,0.0044555587119524676,NA,4.478624777672742,408.27665649741226,NA,2734.8803881014614,81200.55590852484,1072.394241824029,0.020734817647856445,4
Serbia,2020-04-07,NA,1,1.1591441985587565,0.9684586180718826,NA,0.020154149895326573,0.00416135862212107,NA,9.395770826730274,428.9040478978528,NA,907.1139765368243,2007.4259030318942,1072.5384348018672,0.83872521377995,168
Serbia,2020-04-08,NA,1,1.1437859081948383,0.9667363529296928,NA,0.016706952110193435,0.003964125177221734,NA,13.190068533636651,446.4303302674478,NA,1669.0543751137157,46081.77482367886,1072.4306960099211,0.036536759404559346,7
Serbia,2020-04-09,NA,1,1.1332744069979326,0.9649859928922649,NA,0.014128654283923982,0.003770607177687571,NA,15.596948258268322,464.25386026397814,NA,2718.59818063818,102286.14689266593,1071.1747753378193,0.016460476524104525,3
Serbia,2020-04-10,NA,1,1.1256333746097182,0.9631473423995166,NA,0.012039770335030854,0.0035613909966805473,NA,17.138150339712695,482.9856046863606,NA,3593.010500119125,148582.97342716652,1068.7084509401823,0.011331572392399002,2
Serbia,2020-04-11,NA,1,1.117268436906065,0.9610271250838991,NA,0.010063879774228778,0.003340852380172688,NA,19.587132917428622,504.716406125254,NA,5022.683832470358,221132.92789056612,1065.9189496300348,0.007613876122967316,2
Serbia,2020-04-12,NA,1,1.1090636268888328,0.9584144429337493,NA,0.008162696735957809,0.003069977474555576,NA,22.30574325921967,531.4999850274015,NA,6902.457091937117,312879.8593767571,1061.6714811340732,0.005381230747871239,1
Slovak Republic,2020-03-19,2020-04-09,2,1.1551450950800277,1.0570853078520013,0.9493590959551892,0.08804026758411498,0.026115598922942254,0.0164455739520686,0,10.29627765894278,83.76555417256867,247.26642937854507,258.93359748851003,583.752305352099,0.1173388295413608,4
Slovak Republic,2020-03-19,2020-04-10,2,1.1586154472719712,1.0542659785305009,0.9482546285562801,0.08655093749869484,0.02496643216116496,0.016689362002189127,0,10.95669421785438,85.2706505497832,244.25838888788024,344.2618227192265,583.7613287228239,0.08825540113117737,3
Slovak Republic,2020-03-20,2020-04-09,2,1.1401516197221706,1.057393922574352,0.9492089307652777,0.07520022758497819,0.02692153174434736,0.016554730474724697,0,10.179196749181699,83.96136116297035,244.17085097589694,193.2751009639177,583.8312158108861,0.15720061770350732,5
Slovak Republic,2020-03-20,2020-04-10,2,1.1430369820085444,1.054461790125986,0.9481286478409893,0.07396371596835319,0.02572101758866043,0.016801393453873294,0,10.89474860155466,85.43428134333746,237.55636352413006,188.11652033298154,583.8435843169406,0.16151141433221963,5
Slovak Republic,2020-03-21,2020-04-09,2,1.133757918365003,1.0566973323135462,0.9493422546578887,0.0681605279855697,0.027821590555225234,0.01669866464575543,0,10.557300289049579,83.77346325020812,247.95808498430438,206.74347322083176,583.8330824060508,0.1469597312307036,5
Slovak Republic,2020-03-21,2020-04-10,2,1.1362203999931146,1.0537263969380686,0.9482829057915311,0.06706982317033128,0.02657129461148272,0.016951973220283405,0,11.301678418541325,85.21756571226406,241.8528917670016,204.5757364598958,583.8438684015024,0.1485169540826351,5
Slovak Republic,2020-03-23,2020-04-10,2,1.1066784332735795,1.0584726687060926,0.9468277025475369,0.04877150655729926,0.02846176428437233,0.017180046183419943,0,8.918066444985097,87.18118772213259,245.98895859468698,928.0871657057381,584.267015671225,0.03273718932976702,1
Slovak Republic,2020-03-24,2020-04-10,2,1.1065567181028275,1.058404819674946,0.9468416402920367,0.0485352540108844,0.02852614575779285,0.017187555716016486,0,8.956253107585981,87.16204185500541,242.79053332503838,609.0839898656571,584.2657119156935,0.04988304694224032,2
Slovak Republic,2020-03-25,2020-04-10,2,1.1036862386482007,1.0577108079980413,0.9469352959527763,0.04479354226109571,0.0297545114549049,0.01730204680210399,0,9.378987852632493,87.03262179636334,245.4495143669138,667.4461184560452,584.2737057717829,0.04552122548636334,1
Slovak Republic,2020-03-26,2020-04-10,2,1.102569990097519,1.0568413353126767,0.9471026692404843,0.04278202156991742,0.03073271980104047,0.01740400925650736,0,9.877389433525957,86.80419435013283,246.5946398157459,583.4396716362508,584.263624629589,0.05207559022002546,2
Slovenia,2020-03-14,2020-04-06,2,1.2566364329346298,1.0025223726101056,0.9208187873517044,0.03864281061292529,0.009521147764599343,0.012898735919355654,0,35.830082505757915,117.28855700838393,1024.5398985689326,56453.236048134844,634.7546821843197,0.095595166943203,1
Slovenia,2020-03-14,2020-04-07,2,1.2580464040075576,1.0013930176670716,0.9178014172702297,0.0389570285186354,0.009349224758950178,0.013691658481323364,0,36.18812747400853,121.5351514791841,1012.3901725082433,55723.96406926047,634.5360176153106,0.09684624227016368,1
Slovenia,2020-03-14,2020-04-08,2,1.2625366058246845,0.9989010456808174,0.9136498298819089,0.03895083650192727,0.00899083500660752,0.015052376080946853,0,37.17261398028526,127.45365151132928,1011.4107338610736,55143.18825974082,634.9661919847658,0.09786624050618253,1
Slovenia,2020-03-14,2020-04-09,2,1.2659349375209432,0.9969774828364739,0.9095495949505638,0.03925049805113585,0.00876191527591666,0.016496626763013205,0,37.923001110510185,133.30682679403822,1008.7070400847306,54567.052846169245,635.2531592767397,0.09889954181178315,1
Slovenia,2020-03-14,2020-04-10,2,1.2685821081899689,0.9951845248840764,0.9046764604081032,0.04039538441766682,0.008701812857394919,0.018585587760442064,0,38.54905924613083,140.2801237171247,1016.2768206783865,54451.43717218749,635.5391566454645,0.09910953327898535,1
Slovenia,2020-03-14,2020-04-12,2,1.2761474306884433,0.99057942675163,0.8974187635950185,0.04332068409028696,0.00862720471162708,0.02425207438642537,0,40.265088555090685,150.93995638514508,1027.0739449389418,54094.24634801884,637.3042092605175,0.09976396546475122,1
Slovenia,2020-03-14,2020-04-13,2,1.2788071088268476,0.9892284854761029,0.895648972309371,0.0437588341028039,0.008528266192882909,0.026018052540393615,0,40.83058589245499,153.59389925836683,1011.836628265932,53270.18915349402,637.842304648794,0.10130725289815357,1
Slovenia,2020-03-14,2020-04-14,2,1.2794582684203766,0.9888592423765185,0.894181796524773,0.04394534062747897,0.008496327782616738,0.026798815227532472,0,40.97446267218398,155.72352704449946,990.7173675569595,52378.95732334996,637.9211282534184,0.1030310032937545,1
Slovenia,2020-03-14,2020-04-15,2,1.2790820720447402,0.9888281262122499,0.8909438809107603,0.04432311364770704,0.008509057148241203,0.027806998898145134,0,40.92580636238115,160.34458563019854,978.7648657772777,51830.07329572106,637.7379347199707,0.10412210867838052,1
Slovenia,2020-03-14,2020-04-16,2,1.2800985111747645,0.9878772731545916,0.8816441175332875,0.04546017129023413,0.008507994418278054,0.03209655267005656,0,41.20319456084437,173.78217277623193,997.6619888284853,52162.30005136509,637.8938580122881,0.10345894485464249,1
Spain,2020-03-12,2020-03-26,2,1.3676324986209307,1.1822601383040143,0.9524845131630757,0.17765558094669778,0.012646490856436862,0.0021974934783670903,0,422.0928644416188,11799.432943295194,15529.171063043563,23788.958552525397,2032.7606644978034,0.21649810926091076,26
Spain,2020-03-13,2020-03-26,2,1.3676324986209307,1.1822601383040143,0.9524845131630757,0.17765558094669778,0.012646490856436862,0.0021974934783670903,0,422.0928644416188,11799.432943295194,23025.111837640503,613205.4570876557,2032.7606644978034,0.008398921582284138,1
Spain,2020-03-14,2020-03-28,2,1.3871489751352661,1.119154014342493,0.9488994022730532,0.079462448526436,0.010036535357189541,0.0024112162840064103,0,1402.14963486779,12591.112485459296,17979.092705490002,223156.83768815943,2035.5788993999327,0.023079124983411574,3
Spain,2020-03-15,2020-03-28,2,1.3460790024681546,1.1181936182615617,0.9489562463095033,0.0660739890640335,0.01031499491683362,0.002417027723904618,0,1456.415490464335,12578.526337781672,19868.35035159266,235619.65479612452,2035.5890378185168,0.02185838253758715,3
Spain,2020-03-16,2020-03-29,2,1.347826685363005,1.0968170104732717,0.9475664000627398,0.05560713748667869,0.009609772342208769,0.0026021079903572023,0,1957.3734447901386,12887.741898205446,17499.489328906402,19820.207990376886,2037.535162361582,0.2598491675974581,31
Spain,2020-03-17,2020-03-30,2,1.3288022017232137,1.079734302302865,0.9463309622812399,0.044561645351902206,0.009126871854086943,0.002742580728589601,0,2476.233056037109,13163.174625169486,24170.150469234122,367487.35779786593,2038.0948981954507,0.01401480741751337,2
Spain,2020-03-17,2020-03-31,2,1.3503676966431886,1.0664642669493378,0.9446692345548906,0.0450852937532368,0.0083970416253308,0.002975337272036824,0,2822.567898016263,13535.171767302267,20026.72137864364,38572.447108507644,2039.8441905092068,0.13352185132096442,16
Spain,2020-03-18,2020-03-31,2,1.322149271419665,1.0635621273999574,0.9449637141980576,0.03831529768941949,0.008548840640166049,0.0029199449632688053,0,3037.881767943524,13469.32379952983,23922.877160592998,254123.43809266,2038.715780585371,0.02026678289324104,2
Spain,2020-03-18,2020-04-01,2,1.3398879396740422,1.0523053345306999,0.9433685276925964,0.039046464943567095,0.00796360657801862,0.0031946819555642783,0,3378.520445223987,13828.065767555388,21540.164067480095,50601.007070337226,2040.8868516474784,0.10178185862484648,12
Spain,2020-03-19,2020-04-02,2,1.3279380736607207,1.038727975422929,0.9423718655101074,0.034479544627620026,0.007739368906717342,0.003507713385423099,0,4022.9124664876845,14055.31791839084,22588.67668485944,25657.545209519732,2042.3613671678224,0.20073099378178297,24
Sweden,2020-03-21,NA,1,1.1838573533082581,1.0026759005537795,NA,0.1291248889738689,0.003981010548382056,NA,138.41948888369686,452.40694650720826,NA,126843.23872103519,5666544.596986289,1736.1244216050566,0.08020489518250164,1
Sweden,2020-03-22,NA,1,1.1802259193397466,1.0025332095537942,NA,0.12011231477860329,0.003964605835032499,NA,129.204204753453,461.13418663361233,NA,117197.68308806939,5209736.733775915,1735.9528662884975,0.08723753975929889,1
Sweden,2020-03-23,NA,1,1.1785050084494322,1.0023951359450414,NA,0.11316126490407383,0.0039451566457469065,NA,119.95983139257312,469.71403818629364,NA,104165.06251956167,4585180.635165291,1735.77347759378,0.09912032951606335,1
Sweden,2020-03-24,NA,1,1.1751798142028433,1.0021793533560757,NA,0.10340439829915289,0.003922427337208957,NA,107.53588740405252,482.6008865198445,NA,96019.09552039804,4195538.996824488,1735.485688410932,0.10832568015509944,1
Sweden,2020-03-25,NA,1,1.178746603272381,1.0017738891263326,NA,0.09264437661806703,0.0038942469428650504,NA,82.07934411081975,506.45991263304387,NA,74477.82154569903,3119715.2225662945,1734.799936614195,0.1456814430242754,2
Sweden,2020-03-26,NA,1,1.1603500332989791,1.0016578303699029,NA,0.08102365115511656,0.0038473951989345307,NA,83.59479827508913,513.9680526187442,NA,102565.55841941267,4545052.764547318,1734.7612590500755,0.09999545417676188,1
Sweden,2020-03-27,NA,1,1.1563796036122596,1.0013256034854816,NA,0.07229726291204648,0.003820695295625251,NA,68.37723162642808,533.2291240065084,NA,99500.40470685519,4395179.215625803,1734.18745136227,0.1034052522437461,1
Sweden,2020-03-28,NA,1,1.1507709053446111,1.0008820834617425,NA,0.06351930812254666,0.0038275782520672615,NA,53.26413435237435,557.3402423444614,NA,102314.54816388355,4525093.568918761,1733.4207114826474,0.10043651220163656,1
Sweden,2020-03-29,NA,1,1.1409498545125658,1.0007095578273701,NA,0.05793108556372791,0.0038274386619160787,NA,52.87947484474154,566.5796816026135,NA,116814.69556592636,5271621.171348615,1733.2590006705539,0.08621344377293097,1
Sweden,2020-03-30,NA,1,1.1382101217156702,1.0003860948193484,NA,0.05346449623886318,0.003824562611874369,NA,41.393687322737854,584.8338253749345,NA,113003.43324511855,5084889.374599764,1732.6510766860586,0.0893794499676857,1
Switzerland,2020-03-07,2020-03-20,2,1.22773472023895,1.3260993987798315,0.9540007820546089,0.3828184103268475,0.031197910694678272,0.0036352459233261127,0,-21.050041207748706,1495.2518219475337,4491.746678082885,6813.171664663617,1609.80076329456,0.11060725255012233,3
Switzerland,2020-03-08,2020-03-20,2,1.2365026812699602,1.3269712013350394,0.953985814622752,0.31020983540603175,0.031796683392725504,0.003635427752802906,0,-24.245563377441243,1495.6698874751303,4495.0482889505465,8523.933855177502,1609.786121787411,0.08840826451545633,2
Switzerland,2020-03-11,2020-03-20,2,1.267670868300521,1.3285167030149247,0.9539578996290297,0.18872956017340484,0.0354087004641589,0.003636542841289723,0,-29.875304844772273,1496.45181895275,4560.172262842168,10695.483537792003,1609.7806340825687,0.07045835714841911,2
Switzerland,2020-03-12,2020-03-20,2,1.2669801471985935,1.3316430575291969,0.9539398813595176,0.14422016557638026,0.036397777091190096,0.0036236526475147248,0,-42.16021753555333,1496.9802253558898,4471.327259792459,5603.110733671207,1609.7209966667024,0.13449425413854524,4
Switzerland,2020-03-13,2020-03-20,2,1.2669801471985935,1.3316430575291969,0.9539398813595176,0.14422016557638026,0.036397777091190096,0.0036236526475147248,0,-42.16021753555333,1496.9802253558898,4453.181891364285,10385.17514692571,1609.7209966667024,0.07256364850080238,2
Switzerland,2020-03-18,2020-03-26,2,1.2877512268153737,1.0537711274085169,0.9416583226784923,0.028605144988417614,0.012603026000938992,0.0036031353639222777,0,631.7462683985134,1853.4395015415914,4608.7268249617355,20165.11008375734,1622.1236550029623,0.03737079519282104,1
Switzerland,2020-03-19,2020-03-24,2,1.2783166500242797,1.0729244774417048,0.9454611077984993,0.025582070373717434,0.016485327481231566,0.0032832725967449922,0,621.9274985800364,1742.967834592029,4337.860464817338,19175.178920097038,1609.7318895600192,0.03930008695725758,1
Switzerland,2020-03-19,2020-03-25,2,1.28614995784383,1.0528373553525971,0.9441970138083057,0.0254902667886009,0.014477155880479506,0.0034046207623153074,0,706.4705603434526,1779.5112137764204,4196.513842711627,3165.70733254209,1613.6294866095884,0.23804670483409776,6
Switzerland,2020-03-19,2020-03-26,2,1.289827877685714,1.041087020665312,0.9425804612963972,0.025224743102543686,0.01284568393498695,0.0035147322492981247,0,753.187315057777,1826.6132925008415,4422.5357799985095,15873.180948413674,1614.521813816087,0.04747543680311271,1
Switzerland,2020-03-20,2020-03-22,2,1.2860555100948938,1.0426960590061223,0.9504203525877318,0.025272780893306545,0.04757396924183565,0.0033761927763058413,0,991.6897631867447,1598.4025328876614,4128.785474974964,4672.672562019832,1606.9648110293856,0.16127519935936557,4
Ukraine,2020-03-24,NA,1,2.8723949404401283,1.0111525860218973,NA,3.692277935557255,0.002122064177694002,NA,97.14014639894674,233.0108382714776,NA,5058.098780958306,130310.64524981109,1479.1645170733912,0.04474965398897618,3
Ukraine,2020-03-28,NA,1,1.5470491962262598,1.0106299136344457,NA,0.38652352517201305,0.0019924777749258287,NA,90.50763169336716,256.7976092968295,NA,3467.694546204746,30146.025231510142,1477.6261541965928,0.193436986840774,13
Ukraine,2020-03-29,NA,1,1.530008168104843,1.0105065543784817,NA,0.32727121999525083,0.001978913298854181,NA,77.16074894093444,262.10332342751906,NA,7246.007918166828,274770.58571183076,1477.0896899120119,0.021222636589365428,1
Ukraine,2020-03-30,NA,1,1.413684686423284,1.010389094352736,NA,0.23993200852610258,0.001965995934432353,NA,75.62772396756405,267.19313020107427,NA,3001.549716555604,21355.677785894844,1476.8577606312897,0.273058825127096,18
Ukraine,2020-03-31,NA,1,1.3617973348487538,1.0103509090597758,NA,0.20862435848248154,0.0019507778580769794,NA,76.5500432798564,269.14268461221633,NA,3225.7225831097167,29110.516953968912,1476.87493394858,0.200317854032964,13
Ukraine,2020-04-01,NA,1,1.3252611226800417,1.0102539635144636,NA,0.17772286100509546,0.0019320436702057046,NA,70.38989370655538,273.56951136835323,NA,3206.7642533298676,31222.99493645886,1476.639832977458,0.18676479619833128,12
Ukraine,2020-04-02,NA,1,1.263623038644903,1.0102024366844045,NA,0.14390625304123866,0.001918192454029501,NA,74.85980383330909,276.0757617899449,NA,11437.878617296601,373838.92762956803,1476.7448033851294,0.015598579642266365,1
Ukraine,2020-04-03,NA,1,1.2463475768224124,1.0101021513495148,NA,0.12682277529059366,0.0019045197221491024,NA,68.60306612897357,280.5152127781627,NA,9918.334325988244,316086.85130660754,1476.4650283276171,0.018448588613870536,1
Ukraine,2020-04-08,NA,1,1.1801446010228651,1.0096461522178004,NA,0.07378422773792521,0.0018216065135547594,NA,51.34408480636148,300.6128169593663,NA,8412.589189535249,291581.0241805746,1475.369631590086,0.01999909391359412,1
Ukraine,2020-04-09,NA,1,1.1746157157176098,1.0093714902026794,NA,0.06223392297817922,0.0017788126749058674,NA,36.64772243782039,312.2750905967243,NA,6745.009927811943,220859.73515328873,1474.2496007683217,0.026402985052762055,2
United Kingdom,2020-03-16,2020-04-03,2,1.2676274630180275,1.0934445932485828,0.9839067523103531,0.16632813096848353,0.014200962091464096,0.003971526662219966,0,535.0897759317344,5821.714593133513,9999.783737260223,34190.091254697916,1492.9798604818109,0.24996413354548883,7
United Kingdom,2020-03-19,2020-04-03,2,1.2379632905308755,1.0897321303598049,0.9834631080216097,0.09425613430693394,0.013997665715788121,0.0037204162504963488,0,808.0080540925055,5936.8698792008145,9951.868775964102,93112.55161830988,1492.0477214035614,0.09178458100208689,2
United Kingdom,2020-03-19,2020-04-06,2,1.2456302652970141,1.0680266203463606,0.9823236101393653,0.1103474609197462,0.012918691287073694,0.00461969431421049,0,968.1174686260124,6178.174865129674,9430.969830636186,80748.80859348759,1496.8450092049184,0.10583805117603952,3
United Kingdom,2020-03-20,2020-04-18,2,1.2481255290389275,1.03349115822738,0.9721360411750475,0.11611689859635113,0.008907461247989926,0.007298555647443528,0,1396.411216499928,8557.841833965227,7927.915566879335,114473.59546800301,1498.6015073427252,0.07465736095194608,2
United Kingdom,2020-03-21,2020-04-18,2,1.2496111719859522,1.0310999369801521,0.9720738666293156,0.08896391612211615,0.008461963959667208,0.006830213716715992,0,1695.647183645009,8585.229141064989,7660.980453292671,71925.25332649505,1497.160418176916,0.1188219177696461,3
United Kingdom,2020-03-22,2020-04-18,2,1.2426019476262886,1.0293263711678515,0.9720548231146635,0.07317339541455686,0.008155763393636955,0.006460655152670786,0,1910.309338338222,8595.101698654373,8583.949012432759,138235.18923924235,1496.0571493955356,0.06182431972173716,2
United Kingdom,2020-03-24,2020-04-10,2,1.2184621430700946,1.0299130345317375,0.9821667115222896,0.0483027659738182,0.011089776933067893,0.0052076137256825295,0,2388.540106963909,6279.769939587895,10017.534321052244,163290.87874609837,1504.3583846135562,0.05233786848321411,1
United Kingdom,2020-03-24,2020-04-13,2,1.2205554437925163,1.0246686333868846,0.9811461986540138,0.04954597582121468,0.009939605838417371,0.005736499050336107,0,2481.494114218542,6524.0754643812525,8413.677853188168,85950.34874441248,1505.0409419259204,0.0994329477561002,3
United Kingdom,2020-03-24,2020-04-14,2,1.2202501653497757,1.024434078216111,0.9799760585769832,0.048364550802632605,0.009241528881360008,0.005584726562290928,0,2480.598191809263,6796.049242140116,7556.0999586220505,79330.74525603271,1504.2927435785937,0.1077299413832477,3
United Kingdom,2020-03-24,2020-04-15,2,1.2158377976352523,1.0256015246473418,0.9780883622130062,0.04767601169596402,0.008571875302725986,0.005348679805498064,0,2409.9131062108513,7227.4151849154405,8614.527581016866,227241.46379716299,1502.0010969815278,0.03760887821049345,1
